Date,Customer ID,Truck ID,Invoice Number,Freight ID,City,Net Revenue,Weight (Kg),Weight (Cubic),Goods Value
2018-01-08,8649,5,776100,08/01/2018:MKP-6610,Woodland Heights,19.27,28.37,39.0,642.01
2018-01-08,9260,5,776099,08/01/2018:MKP-6610,Woodland Heights,7.07,9.22,57.0,235.63
2018-01-09,38670,5,776471,09/01/2018:MKP-6610,Woodland Heights,5.55,1.74,3.0,185.01
2018-01-09,35508,5,776478,09/01/2018:MKP-6610,Woodland Heights,5.64,1.74,3.0,188.12
2018-01-09,39434,5,776649,09/01/2018:MKP-6610,Woodland Heights,7.22,2.75,3.0,240.58
2018-01-09,3001,5,776472,09/01/2018:MKP-6610,Woodland Heights,6.11,2.79,3.0,203.63
2018-01-09,4355,5,776646,09/01/2018:MKP-6610,Woodland Heights,12.6,7.27,9.0,420.03
2018-01-09,13722,5,776642,09/01/2018:MKP-6610,Woodland Heights,12.64,6.82,9.0,421.25
2018-01-09,10166,5,776480,09/01/2018:MKP-6610,Woodland Heights,10.86,8.34,18.0,361.94
2018-01-09,31875,5,776643,09/01/2018:MKP-6610,Woodland Heights,27.2,22.99,24.0,906.65
2018-01-09,21857,5,776647,09/01/2018:MKP-6610,Woodland Heights,15.35,13.56,24.0,511.66
2018-01-09,24586,5,776482,09/01/2018:MKP-6610,Woodland Heights,5.96,6.83,27.0,198.69
2018-01-09,7046,5,776477,09/01/2018:MKP-6610,Woodland Heights,29.64,18.97,33.0,987.92
2018-01-09,8649,5,776648,09/01/2018:MKP-6610,Woodland Heights,11.8,24.08,33.0,393.23
2018-01-09,4904,5,776641,09/01/2018:MKP-6610,Woodland Heights,121.11,126.51,147.0,4036.89
2018-01-09,39993,5,776645,09/01/2018:MKP-6610,Woodland Heights,8.18,8.73,8.73,272.78
2018-01-09,7046,5,776475,09/01/2018:MKP-6610,Woodland Heights,13.88,10.73,10.73,462.83
2018-01-09,11914,5,776484,09/01/2018:MKP-6610,Woodland Heights,12.86,28.01,28.01,428.35
2018-01-09,39933,5,776479,09/01/2018:MKP-6610,Woodland Heights,23.33,23.13,36.0,777.83
2018-01-09,7046,5,776476,09/01/2018:MKP-6610,Woodland Heights,113.39,120.37,120.37,3779.33
2018-01-09,31875,5,776644,09/01/2018:MKP-6610,Woodland Heights,36.73,43.27,43.27,1224.17
2018-01-09,33881,5,776474,09/01/2018:MKP-6610,Woodland Heights,20.46,23.68,72.0,681.94
2018-01-09,10166,5,776481,09/01/2018:MKP-6610,Woodland Heights,18.39,27.54,27.54,612.84
2018-01-09,3001,5,776473,09/01/2018:MKP-6610,Woodland Heights,13.2,38.11,38.11,439.89
2018-01-09,31930,5,776606,09/01/2018:MKP-6610,Woodland Heights,36.65,116.04,116.04,572.68
2018-01-09,39933,5,776607,09/01/2018:MKP-6610,Woodland Heights,66.94,183.48,183.48,1045.98
2018-01-09,10166,5,776605,09/01/2018:MKP-6610,Woodland Heights,14.87,18.77,18.77,232.3
2018-01-09,18172,5,776609,09/01/2018:MKP-6610,Woodland Heights,59.49,189.31,189.31,929.6
2018-01-10,25446,19,777121,10/01/2018:MDB-1602,Woodland Heights,6.3,2.07,3.0,209.96
2018-01-10,33143,19,777122,10/01/2018:MDB-1602,Woodland Heights,3.66,6.52,9.0,121.91
2018-01-10,27178,19,777120,10/01/2018:MDB-1602,Woodland Heights,11.63,20.76,20.76,387.83
2018-01-10,4752,19,777119,10/01/2018:MDB-1602,Woodland Heights,7.31,6.2,6.2,243.57
2018-01-11,14075,5,777558,11/01/2018:MKP-6610,Woodland Heights,394.78,633.32,699.0,13159.26
2018-01-11,14075,5,777557,11/01/2018:MKP-6610,Woodland Heights,4.02,4.0,4.0,133.87
2018-01-11,22843,5,777559,11/01/2018:MKP-6610,Woodland Heights,20.11,44.54,48.0,670.44
2018-01-11,4752,5,777539,11/01/2018:MKP-6610,Woodland Heights,90.42,438.31,438.31,1412.85
2018-01-17,24063,4,779789,17/01/2018:MHJ-9634,Woodland Heights,6.19,2.07,3.0,206.49
2018-01-17,38550,4,779793,17/01/2018:MHJ-9634,Woodland Heights,17.45,12.0,12.0,581.8
2018-01-17,40259,4,779795,17/01/2018:MHJ-9634,Woodland Heights,13.16,11.26,21.0,438.55
2018-01-17,22247,4,779790,17/01/2018:MHJ-9634,Woodland Heights,13.95,16.57,33.0,464.85
2018-01-17,16619,4,779796,17/01/2018:MHJ-9634,Woodland Heights,27.61,26.91,54.0,920.62
2018-01-17,6645,4,779794,17/01/2018:MHJ-9634,Woodland Heights,7.92,4.39,4.39,263.86
2018-01-17,25446,4,779791,17/01/2018:MHJ-9634,Woodland Heights,29.72,69.87,69.87,990.71
2018-01-17,39434,4,779792,17/01/2018:MHJ-9634,Woodland Heights,9.92,9.64,9.64,330.22
2018-01-29,14075,24,784694,29/01/2018:MMA-5916,Woodland Heights,1.87,2.0,3.0,62.42
2018-01-29,4904,24,784696,29/01/2018:MMA-5916,Woodland Heights,10.67,3.71,6.0,355.6
2018-01-29,31194,24,784697,29/01/2018:MMA-5916,Woodland Heights,3.34,4.52,6.0,111.3
2018-01-29,31194,24,784698,29/01/2018:MMA-5916,Woodland Heights,28.22,8.7,12.0,940.6
2018-01-29,10780,24,784699,29/01/2018:MMA-5916,Woodland Heights,9.07,7.42,7.42,302.41
2018-01-29,14075,24,784695,29/01/2018:MMA-5916,Woodland Heights,0.45,2.82,2.82,15.02
2018-02-26,38811,6,798580,26/02/2018:MHN-5539,Woodland Heights,6.39,1.75,3.0,212.98
2018-02-26,39400,6,798578,26/02/2018:MHN-5539,Woodland Heights,22.73,7.41,15.0,757.71
2018-02-26,35550,6,798582,26/02/2018:MHN-5539,Woodland Heights,6.14,4.48,15.0,205.12
2018-02-26,38811,6,798579,26/02/2018:MHN-5539,Woodland Heights,6.2,2.49,2.49,206.77
2018-02-26,32418,6,798583,26/02/2018:MHN-5539,Woodland Heights,4.31,3.51,3.51,143.59
2018-02-26,35550,6,798581,26/02/2018:MHN-5539,Woodland Heights,0.08,1.0,1.0,2.9
2018-02-28,13133,6,801005,28/02/2018:MHN-5539,Woodland Heights,6.39,1.75,3.0,212.98
2018-02-28,13133,6,801004,28/02/2018:MHN-5539,Woodland Heights,23.39,31.75,39.0,779.64
2018-02-28,13133,6,801003,28/02/2018:MHN-5539,Woodland Heights,0.08,1.0,1.0,2.9
2018-03-12,35550,24,805675,12/03/2018:MMA-5916,Woodland Heights,6.96,3.01,6.0,232.13
2018-03-12,13133,24,805667,12/03/2018:MMA-5916,Woodland Heights,15.8,29.39,29.39,526.18
2018-03-12,15823,24,805666,12/03/2018:MMA-5916,Woodland Heights,14.73,28.86,28.86,490.88
2018-03-12,38811,24,805668,12/03/2018:MMA-5916,Woodland Heights,5.83,2.6,2.6,194.3
2018-03-22,15823,7,811658,22/03/2018:MJT-5239,Woodland Heights,2.47,2.82,9.0,82.28
2018-03-22,15823,7,811660,22/03/2018:MJT-5239,Woodland Heights,0.08,0.16,0.16,2.53
2018-03-22,15823,7,811659,22/03/2018:MJT-5239,Woodland Heights,0.53,0.31,0.31,17.59
2018-04-05,14075,23,817849,05/04/2018:MMA-4836,Woodland Heights,170.27,224.75,224.75,5675.42
2018-04-05,4904,23,817850,05/04/2018:MMA-4836,Woodland Heights,109.45,197.14,197.14,3648.13
2018-04-12,39400,19,820463,12/04/2018:MDB-1602,Woodland Heights,8.57,4.16,4.16,285.75
2018-04-26,39400,19,826436,26/04/2018:MDB-1602,Woodland Heights,2.82,1.42,3.0,80.7
2018-04-26,35550,19,826435,26/04/2018:MDB-1602,Woodland Heights,3.46,6.58,6.58,98.9
2018-05-03,35550,19,829255,03/05/2018:MDB-1602,Woodland Heights,7.77,12.14,21.0,222.1
2018-05-03,32418,19,829254,03/05/2018:MDB-1602,Woodland Heights,6.25,8.85,8.85,178.67
2018-05-21,35550,19,836904,21/05/2018:MDB-1602,Woodland Heights,6.92,2.01,3.0,197.61
2018-05-21,15823,19,836910,21/05/2018:MDB-1602,Woodland Heights,5.25,5.44,6.0,150.14
2018-05-30,39400,19,839749,30/05/2018:MDB-1602,Woodland Heights,6.73,7.23,12.0,192.68
2018-05-30,39400,19,839748,30/05/2018:MDB-1602,Woodland Heights,0.19,0.11,0.11,5.35
2018-06-11,38811,19,843943,11/06/2018:MDB-1602,Woodland Heights,14.45,20.8,45.0,412.79
2018-06-11,39400,19,843944,11/06/2018:MDB-1602,Woodland Heights,12.65,11.54,11.54,361.39
2018-06-18,5994,24,846293,18/06/2018:MMA-5916,Woodland Heights,2.08,1.29,3.0,59.4
2018-06-18,5994,24,846294,18/06/2018:MMA-5916,Woodland Heights,2.08,1.29,3.0,59.4
2018-06-18,5994,24,846295,18/06/2018:MMA-5916,Woodland Heights,1.04,0.64,0.64,29.7
2018-06-18,5994,24,846296,18/06/2018:MMA-5916,Woodland Heights,567.45,1311.7,3795.0,16212.77
2018-06-18,5994,24,846292,18/06/2018:MMA-5916,Woodland Heights,1.04,0.64,0.64,29.7
2018-06-18,35550,23,846785,18/06/2018:MMA-4836,Woodland Heights,7.18,3.45,9.0,205.04
2018-06-18,15823,23,846787,18/06/2018:MMA-4836,Woodland Heights,11.04,5.29,9.0,315.42
2018-06-18,39400,23,846789,18/06/2018:MMA-4836,Woodland Heights,24.61,11.2,15.0,703.39
2018-06-18,38281,23,846788,18/06/2018:MMA-4836,Woodland Heights,3.8,14.12,33.0,108.36
2018-06-18,38811,23,846786,18/06/2018:MMA-4836,Woodland Heights,7.42,3.12,3.12,211.97
2018-06-18,39400,23,846790,18/06/2018:MMA-4836,Woodland Heights,0.81,0.6,0.6,23.0
2018-06-21,39400,19,849184,21/06/2018:MDB-1602,Woodland Heights,12.65,11.54,11.54,361.39
2018-06-21,13133,19,849185,21/06/2018:MDB-1602,Woodland Heights,0.19,0.11,0.11,5.35
2018-06-21,39400,19,849183,21/06/2018:MDB-1602,Woodland Heights,2.48,0.3,0.3,70.73
2018-06-21,13133,19,849186,21/06/2018:MDB-1602,Woodland Heights,24.96,34.03,54.0,713.17
2018-06-30,37142,22,853241,30/06/2018:MMA-5926,Woodland Heights,3.45,4.84,9.0,98.19
2018-06-30,37142,22,853242,30/06/2018:MMA-5926,Woodland Heights,0.7,0.33,0.33,19.97
2018-06-30,14075,22,853638,30/06/2018:MMA-5926,Woodland Heights,90.47,256.84,321.0,2584.78
2018-07-03,18800,22,854103,03/07/2018:MMA-5926,Woodland Heights,6.86,2.07,3.0,195.71
2018-07-03,39993,22,854104,03/07/2018:MMA-5926,Woodland Heights,8.39,9.06,9.06,239.73
2018-07-04,37392,22,854666,04/07/2018:MMA-5926,Woodland Heights,7.2,3.44,6.0,205.96
2018-07-04,4355,22,854669,04/07/2018:MMA-5926,Woodland Heights,14.36,10.25,12.0,410.37
2018-07-04,21857,22,854671,04/07/2018:MMA-5926,Woodland Heights,25.08,13.25,24.0,716.99
2018-07-04,27270,22,854668,04/07/2018:MMA-5926,Woodland Heights,7.28,15.51,33.0,207.87
2018-07-04,3159,22,854670,04/07/2018:MMA-5926,Woodland Heights,7.14,4.09,4.09,204.09
2018-07-04,4356,22,854667,04/07/2018:MMA-5926,Woodland Heights,7.45,3.8,3.8,212.81
2018-07-04,4904,22,854665,04/07/2018:MMA-5926,Woodland Heights,83.59,153.6,207.0,2388.27
2018-07-04,2131,22,854672,04/07/2018:MMA-5926,Woodland Heights,9.8,9.66,54.0,280.14
2018-07-16,35550,19,859066,16/07/2018:MDB-1602,Woodland Heights,8.33,6.43,15.0,185.2
2018-07-16,38281,19,859068,16/07/2018:MDB-1602,Woodland Heights,3.81,7.26,21.0,84.68
2018-07-16,13133,19,859060,16/07/2018:MDB-1602,Woodland Heights,37.66,28.89,48.0,837.0
2018-07-16,32418,19,859067,16/07/2018:MDB-1602,Woodland Heights,19.17,19.73,19.73,425.9
2018-07-30,15823,19,865373,30/07/2018:MDB-1602,Woodland Heights,9.16,3.45,6.0,203.45
2018-07-30,35550,19,865371,30/07/2018:MDB-1602,Woodland Heights,17.13,15.61,21.0,380.74
2018-07-30,39400,19,865376,30/07/2018:MDB-1602,Woodland Heights,54.11,22.1,27.0,1202.49
2018-07-30,38811,19,865372,30/07/2018:MDB-1602,Woodland Heights,21.18,15.94,15.94,470.68
2018-07-30,38281,19,865374,30/07/2018:MDB-1602,Woodland Heights,10.2,21.94,45.0,226.85
2018-07-30,39400,19,865375,30/07/2018:MDB-1602,Woodland Heights,0.31,0.46,0.46,6.85
2018-07-31,13133,19,866917,31/07/2018:MDB-1602,Woodland Heights,0.98,0.84,3.0,21.63
2018-07-31,13133,19,866918,31/07/2018:MDB-1602,Woodland Heights,33.67,21.5,24.0,748.45
2018-07-31,39400,19,866919,31/07/2018:MDB-1602,Woodland Heights,3.18,0.3,0.3,70.73
2018-08-27,38811,4,877995,27/08/2018:MHJ-9634,Woodland Heights,8.61,2.79,3.0,191.39
2018-08-27,35550,4,877991,27/08/2018:MHJ-9634,Woodland Heights,8.59,6.81,18.0,190.78
2018-08-27,39400,4,877996,27/08/2018:MHJ-9634,Woodland Heights,15.43,11.24,21.0,342.8
2018-08-27,32418,4,877994,27/08/2018:MHJ-9634,Woodland Heights,7.07,5.96,5.96,157.04
2018-08-27,39400,4,877997,27/08/2018:MHJ-9634,Woodland Heights,0.36,0.98,0.98,8.0
2018-10-22,38811,4,903088,22/10/2018:MHJ-9634,Woodland Heights,13.39,5.83,9.0,297.28
2018-10-22,35550,4,903102,22/10/2018:MHJ-9634,Woodland Heights,11.07,4.09,9.0,245.93
2018-10-22,38811,4,903087,22/10/2018:MHJ-9634,Woodland Heights,10.61,14.37,15.0,235.83
2018-10-22,32418,4,903104,22/10/2018:MHJ-9634,Woodland Heights,17.83,8.83,12.0,396.15
2018-10-22,38281,4,903105,22/10/2018:MHJ-9634,Woodland Heights,11.94,12.5,33.0,265.39
2018-10-22,39400,4,903106,22/10/2018:MHJ-9634,Woodland Heights,1.41,1.98,1.98,31.28
2018-10-22,39400,4,903107,22/10/2018:MHJ-9634,Woodland Heights,56.6,77.4,77.4,1257.73
2018-12-17,14075,34,931833,17/12/2018:MHN-5439,Woodland Heights,53.65,9.27,15.0,1072.91
2018-12-17,14075,34,931835,17/12/2018:MHN-5439,Woodland Heights,437.42,637.8,789.0,8748.34
2018-12-17,14075,34,931834,17/12/2018:MHN-5439,Woodland Heights,1622.54,1672.14,1672.14,32450.88
2019-02-05,39933,34,947920,05/02/2019:MHN-5439,Woodland Heights,10.08,3.0,3.0,201.6
2019-02-05,23104,34,947927,05/02/2019:MHN-5439,Woodland Heights,2.22,1.68,3.0,44.32
2019-02-05,6125,34,947924,05/02/2019:MHN-5439,Woodland Heights,20.51,8.18,9.0,410.29
2019-02-05,11914,34,947916,05/02/2019:MHN-5439,Woodland Heights,15.7,20.81,30.0,313.91
2019-02-05,7046,34,947855,05/02/2019:MHN-5439,Woodland Heights,30.08,40.33,40.33,601.74
2019-02-05,7046,34,947856,05/02/2019:MHN-5439,Woodland Heights,275.8,286.25,357.0,5516.05
2019-02-05,42990,34,947923,05/02/2019:MHN-5439,Woodland Heights,24.93,14.37,14.37,498.54
2019-02-05,11914,34,947915,05/02/2019:MHN-5439,Woodland Heights,0.75,0.48,0.48,14.95
2019-02-05,34044,34,947925,05/02/2019:MHN-5439,Woodland Heights,0.36,0.36,0.36,7.21
2019-02-05,39781,34,947919,05/02/2019:MHN-5439,Woodland Heights,0.72,0.72,0.72,14.42
2019-02-05,34044,34,947926,05/02/2019:MHN-5439,Woodland Heights,16.47,23.11,23.11,329.45
2019-02-05,39933,34,947921,05/02/2019:MHN-5439,Woodland Heights,35.61,30.13,48.0,712.28
2019-02-05,39781,34,947918,05/02/2019:MHN-5439,Woodland Heights,18.19,17.26,45.0,363.77
2019-02-05,23104,34,947928,05/02/2019:MHN-5439,Woodland Heights,53.92,46.51,135.0,1078.21
2019-02-05,42990,34,947922,05/02/2019:MHN-5439,Woodland Heights,1.45,1.44,1.44,28.84
2019-02-18,13722,19,953707,18/02/2019:MDB-1602,Woodland Heights,18.57,2.72,6.0,371.34
2019-02-18,39933,19,953710,18/02/2019:MDB-1602,Woodland Heights,24.58,12.26,15.0,491.62
2019-02-18,36844,19,953708,18/02/2019:MDB-1602,Woodland Heights,7.27,4.36,4.36,145.49
2019-02-18,43143,19,953709,18/02/2019:MDB-1602,Woodland Heights,11.86,9.41,9.41,237.05
2019-02-18,18172,19,953738,18/02/2019:MDB-1602,Woodland Heights,10.51,38.42,38.42,175.2
2019-02-18,39933,19,953739,18/02/2019:MDB-1602,Woodland Heights,32.27,99.42,99.42,537.9
2019-02-22,31194,29,956744,22/02/2019:MML-3632,Woodland Heights,53.04,9.28,18.0,1060.85
2019-02-22,21857,29,956743,22/02/2019:MML-3632,Woodland Heights,15.33,9.3,18.0,306.4
2019-02-22,4904,29,956745,22/02/2019:MML-3632,Woodland Heights,2.31,10.37,39.0,46.22
2019-02-22,4904,29,956746,22/02/2019:MML-3632,Woodland Heights,254.64,40.56,144.0,5092.73
2019-02-25,22843,19,957326,25/02/2019:MDB-1602,Woodland Heights,10.12,17.77,17.77,202.48
2019-02-25,10166,19,957327,25/02/2019:MDB-1602,Woodland Heights,54.11,93.02,108.0,1082.15
2019-02-26,3159,29,957968,26/02/2019:MML-3632,Woodland Heights,9.84,1.74,3.0,196.81
2019-02-26,42990,29,957956,26/02/2019:MML-3632,Woodland Heights,9.59,8.3,21.0,191.82
2019-02-26,9390,29,957960,26/02/2019:MML-3632,Woodland Heights,0.75,0.48,0.48,14.95
2019-02-26,43103,29,957967,26/02/2019:MML-3632,Woodland Heights,9.42,7.03,7.03,188.48
2019-02-26,8649,29,957966,26/02/2019:MML-3632,Woodland Heights,22.93,24.74,36.0,458.64
2019-02-26,37392,29,957953,26/02/2019:MML-3632,Woodland Heights,0.36,0.36,0.36,7.21
2019-02-26,43111,29,957951,26/02/2019:MML-3632,Woodland Heights,5.33,4.97,4.97,106.37
2019-02-26,35508,29,957957,26/02/2019:MML-3632,Woodland Heights,62.72,21.39,21.39,1254.37
2019-02-26,9390,29,957962,26/02/2019:MML-3632,Woodland Heights,42.04,37.79,60.0,840.74
2019-02-26,12891,29,957964,26/02/2019:MML-3632,Woodland Heights,0.36,0.36,0.36,7.21
2019-02-26,15450,29,957958,26/02/2019:MML-3632,Woodland Heights,13.9,4.34,4.34,277.91
2019-02-26,43111,29,957952,26/02/2019:MML-3632,Woodland Heights,0.36,0.36,0.36,7.21
2019-02-26,9390,29,957963,26/02/2019:MML-3632,Woodland Heights,36.99,24.99,24.99,739.84
2019-02-26,43143,29,957955,26/02/2019:MML-3632,Woodland Heights,10.16,10.51,10.51,203.19
2019-02-26,37392,29,957954,26/02/2019:MML-3632,Woodland Heights,37.92,41.48,42.0,758.14
2019-02-26,12891,29,957965,26/02/2019:MML-3632,Woodland Heights,13.17,11.04,11.04,263.38
2019-02-26,10166,29,957959,26/02/2019:MML-3632,Woodland Heights,1.61,3.92,3.92,32.4
2019-02-26,9390,29,957961,26/02/2019:MML-3632,Woodland Heights,1.61,3.92,3.92,32.4
2019-02-28,37392,29,959567,28/02/2019:MML-3632,Woodland Heights,9.08,28.36,51.0,181.84
2019-02-28,37392,29,959566,28/02/2019:MML-3632,Woodland Heights,0.29,1.06,1.06,5.87
2019-03-01,13722,29,960197,01/03/2019:MML-3632,Woodland Heights,0.49,0.15,0.15,9.8
2019-03-01,31875,29,960198,01/03/2019:MML-3632,Woodland Heights,0.49,0.15,0.15,9.8
2019-03-01,4904,29,960684,01/03/2019:MML-3632,Woodland Heights,22.98,55.66,57.0,459.62
2019-03-01,11914,29,960196,01/03/2019:MML-3632,Woodland Heights,0.49,0.15,0.15,9.8
2019-03-01,37142,29,960199,01/03/2019:MML-3632,Woodland Heights,0.49,0.15,0.15,9.8
2019-03-06,13722,29,961939,06/03/2019:MML-3632,Woodland Heights,5.83,15.07,27.0,116.7
2019-03-06,11914,29,961931,06/03/2019:MML-3632,Woodland Heights,9.83,11.3,36.0,196.66
2019-03-06,39993,29,961933,06/03/2019:MML-3632,Woodland Heights,22.51,15.91,15.91,450.15
2019-03-06,7046,29,961935,06/03/2019:MML-3632,Woodland Heights,52.54,9.28,42.0,1050.86
2019-03-06,34044,29,961937,06/03/2019:MML-3632,Woodland Heights,4.41,6.02,6.02,88.11
2019-03-06,10308,29,961934,06/03/2019:MML-3632,Woodland Heights,12.45,34.19,63.0,249.03
2019-03-06,39781,29,961932,06/03/2019:MML-3632,Woodland Heights,19.11,14.03,42.0,382.22
2019-03-06,31847,29,961936,06/03/2019:MML-3632,Woodland Heights,4.67,2.03,2.03,93.3
2019-03-06,14075,29,961943,06/03/2019:MML-3632,Woodland Heights,118.1,382.4,687.0,2362.0
2019-03-06,14075,29,961942,06/03/2019:MML-3632,Woodland Heights,11.55,38.24,69.0,231.1
2019-03-06,37142,29,961938,06/03/2019:MML-3632,Woodland Heights,4.08,1.17,1.17,81.56
2019-03-11,4904,29,964134,11/03/2019:MML-3632,Woodland Heights,10.61,1.88,3.0,212.17
2019-03-11,35061,29,964135,11/03/2019:MML-3632,Woodland Heights,20.8,50.26,50.26,415.97
2019-03-11,10166,29,964101,11/03/2019:MML-3632,Woodland Heights,9.65,5.4,5.4,193.0
2019-03-11,36895,29,964136,11/03/2019:MML-3632,Woodland Heights,10.96,18.73,18.73,219.27
2019-03-11,33389,29,964137,11/03/2019:MML-3632,Woodland Heights,43.2,47.06,47.06,864.26
2019-03-12,41983,29,964875,12/03/2019:MML-3632,Woodland Heights,10.4,13.94,15.0,207.91
2019-03-12,2131,29,964876,12/03/2019:MML-3632,Woodland Heights,10.64,6.95,18.0,212.74
2019-03-12,12891,29,964873,12/03/2019:MML-3632,Woodland Heights,14.02,7.73,7.73,280.33
2019-03-12,41983,29,964874,12/03/2019:MML-3632,Woodland Heights,0.36,0.36,0.36,7.21
2019-03-12,12891,29,964872,12/03/2019:MML-3632,Woodland Heights,0.36,0.36,0.36,7.21
2019-03-12,37392,29,964870,12/03/2019:MML-3632,Woodland Heights,0.36,0.36,0.36,7.21
2019-03-12,37392,29,964871,12/03/2019:MML-3632,Woodland Heights,27.61,19.47,19.47,552.21
2019-03-13,4355,29,965421,13/03/2019:MML-3632,Woodland Heights,21.18,9.18,12.0,423.66
2019-03-13,21857,29,965424,13/03/2019:MML-3632,Woodland Heights,26.08,12.51,24.0,521.87
2019-03-13,27270,29,965419,13/03/2019:MML-3632,Woodland Heights,0.41,0.98,0.98,8.1
2019-03-13,6645,29,965422,13/03/2019:MML-3632,Woodland Heights,0.36,0.36,0.36,7.21
2019-03-13,31930,29,965418,13/03/2019:MML-3632,Woodland Heights,28.55,22.29,22.29,571.08
2019-03-13,6645,29,965423,13/03/2019:MML-3632,Woodland Heights,11.27,4.37,4.37,225.23
2019-03-13,27270,29,965420,13/03/2019:MML-3632,Woodland Heights,9.41,3.03,3.03,188.15
2019-03-14,16517,29,966266,14/03/2019:MML-3632,Woodland Heights,26.18,5.35,6.0,523.59
2019-03-14,14075,29,966260,14/03/2019:MML-3632,Woodland Heights,55.29,11.85,15.0,1105.81
2019-03-14,24063,29,966263,14/03/2019:MML-3632,Woodland Heights,4.27,7.34,21.0,85.38
2019-03-14,42996,29,966265,14/03/2019:MML-3632,Woodland Heights,104.93,19.14,24.0,2098.69
2019-03-14,4904,29,966262,14/03/2019:MML-3632,Woodland Heights,365.27,138.84,252.0,7305.26
2019-03-14,24063,29,966264,14/03/2019:MML-3632,Woodland Heights,0.36,0.36,0.36,7.21
2019-03-14,41948,29,966267,14/03/2019:MML-3632,Woodland Heights,4.78,3.51,3.51,95.57
2019-03-14,4904,29,966261,14/03/2019:MML-3632,Woodland Heights,2.75,0.94,0.94,55.02
2019-03-18,7046,20,967329,18/03/2019:MML-5482,Woodland Heights,38.56,150.43,150.43,713.4
2019-03-19,4904,20,968348,19/03/2019:MML-5482,Woodland Heights,6.73,6.36,21.0,134.75
2019-03-19,35061,20,968350,19/03/2019:MML-5482,Woodland Heights,11.24,13.43,21.0,224.89
2019-03-19,36844,20,968349,19/03/2019:MML-5482,Woodland Heights,7.27,4.36,4.36,145.45
2019-03-19,12618,20,968347,19/03/2019:MML-5482,Woodland Heights,11.27,8.34,8.34,225.21
2019-03-19,32470,20,968395,19/03/2019:MML-5482,Woodland Heights,105.17,163.95,163.95,5819.54
2019-03-22,42996,29,970831,22/03/2019:MML-3632,Woodland Heights,0.89,1.68,3.0,17.8
2019-03-22,35700,29,970833,22/03/2019:MML-3632,Woodland Heights,6.93,7.49,15.0,138.6
2019-03-22,35700,29,970832,22/03/2019:MML-3632,Woodland Heights,0.98,0.01,0.01,19.49
2019-03-22,31930,29,970994,22/03/2019:MML-3632,Woodland Heights,38.28,114.75,114.75,638.0
2019-03-25,9390,29,971565,25/03/2019:MML-3632,Woodland Heights,0.81,1.06,6.0,16.27
2019-03-25,8427,29,971563,25/03/2019:MML-3632,Woodland Heights,17.31,17.41,24.0,346.11
2019-03-25,33389,29,971568,25/03/2019:MML-3632,Woodland Heights,44.35,26.6,27.0,887.03
2019-03-25,39709,29,971567,25/03/2019:MML-3632,Woodland Heights,26.8,20.49,36.0,536.08
2019-03-25,9390,29,971564,25/03/2019:MML-3632,Woodland Heights,1.13,0.86,0.86,22.68
2019-03-25,9390,29,971566,25/03/2019:MML-3632,Woodland Heights,15.95,18.41,72.0,319.08
2019-03-26,18800,29,972171,26/03/2019:MML-3632,Woodland Heights,10.61,1.74,3.0,212.17
2019-03-26,38550,29,972170,26/03/2019:MML-3632,Woodland Heights,14.51,2.68,3.0,290.16
2019-03-26,4752,29,972267,26/03/2019:MML-3632,Woodland Heights,20.33,136.25,136.25,338.75
2019-03-27,27270,19,972950,27/03/2019:MDB-1602,Woodland Heights,9.63,7.6,7.6,192.65
2019-03-27,35061,19,972949,27/03/2019:MDB-1602,Woodland Heights,22.33,47.52,47.52,446.37
2019-03-27,12618,19,972951,27/03/2019:MDB-1602,Woodland Heights,5.3,3.98,3.98,105.94
2019-03-27,33389,19,973099,27/03/2019:MDB-1602,Woodland Heights,38.08,52.4,52.4,634.8
2019-03-28,21857,29,973672,28/03/2019:MML-3632,Woodland Heights,13.67,5.59,6.0,273.48
2019-03-28,4355,29,973671,28/03/2019:MML-3632,Woodland Heights,10.41,8.41,15.0,208.26
2019-03-28,4356,29,973670,28/03/2019:MML-3632,Woodland Heights,17.25,6.6,6.6,345.02
2019-04-05,4904,29,978184,05/04/2019:MML-3632,Woodland Heights,118.3,23.96,27.0,2366.04
2019-04-08,22843,29,978672,08/04/2019:MML-3632,Woodland Heights,14.9,24.31,24.31,298.03
2019-04-08,43041,29,978598,08/04/2019:MML-3632,Woodland Heights,164.1,30.4,39.0,3282.0
2019-04-09,24586,29,979439,09/04/2019:MML-3632,Woodland Heights,32.8,26.8,30.0,655.9
2019-04-11,4904,29,980730,11/04/2019:MML-3632,Woodland Heights,3.08,1.62,3.0,61.51
2019-04-11,24063,29,980733,11/04/2019:MML-3632,Woodland Heights,3.63,2.4,6.0,72.61
2019-04-11,4904,29,980732,11/04/2019:MML-3632,Woodland Heights,27.02,12.6,21.0,540.31
2019-04-11,21857,29,980736,11/04/2019:MML-3632,Woodland Heights,21.99,10.3,21.0,439.89
2019-04-11,42996,29,980754,11/04/2019:MML-3632,Woodland Heights,382.47,214.96,300.0,7649.47
2019-04-11,14075,29,980752,11/04/2019:MML-3632,Woodland Heights,296.3,128.53,129.0,5925.99
2019-04-11,14075,29,980753,11/04/2019:MML-3632,Woodland Heights,125.08,128.25,183.0,2501.51
2019-04-11,14075,29,980751,11/04/2019:MML-3632,Woodland Heights,13.1,11.55,11.55,262.08
2019-04-11,14075,29,980948,11/04/2019:MML-3632,Woodland Heights,3.27,5.0,5.0,65.5
2019-04-11,4355,29,980734,11/04/2019:MML-3632,Woodland Heights,23.53,11.49,11.49,470.55
2019-04-11,4904,29,980731,11/04/2019:MML-3632,Woodland Heights,3.27,5.0,5.0,65.5
2019-04-11,39993,29,980735,11/04/2019:MML-3632,Woodland Heights,9.86,7.34,7.34,197.16
2019-04-12,8649,29,981687,12/04/2019:MML-3632,Woodland Heights,12.89,6.61,6.61,257.86
2019-04-12,31875,29,981765,12/04/2019:MML-3632,Woodland Heights,35.73,79.05,79.05,595.66
2019-04-12,13722,29,981764,12/04/2019:MML-3632,Woodland Heights,18.96,11.9,11.9,316.0
2019-04-12,33040,29,981763,12/04/2019:MML-3632,Woodland Heights,22.02,18.03,18.03,367.22
2019-04-15,3001,29,982193,15/04/2019:MML-3632,Woodland Heights,19.28,8.14,9.0,385.51
2019-04-15,3001,29,982194,15/04/2019:MML-3632,Woodland Heights,0.36,0.36,0.36,7.21
2019-04-15,6125,29,982380,15/04/2019:MML-3632,Woodland Heights,15.76,6.71,6.71,315.12
2019-04-15,14581,29,982192,15/04/2019:MML-3632,Woodland Heights,5.28,3.48,3.48,105.68
2019-04-15,42990,29,982381,15/04/2019:MML-3632,Woodland Heights,20.27,11.77,11.77,405.3
2019-04-15,11914,29,982196,15/04/2019:MML-3632,Woodland Heights,14.67,10.84,10.84,293.39
2019-04-15,7330,29,982214,15/04/2019:MML-3632,Woodland Heights,9.36,11.02,11.02,156.0
2019-04-15,4752,29,982213,15/04/2019:MML-3632,Woodland Heights,16.78,61.25,61.25,279.65
2019-04-15,39933,29,982215,15/04/2019:MML-3632,Woodland Heights,32.66,109.69,109.69,544.4
2019-04-15,35508,29,982216,15/04/2019:MML-3632,Woodland Heights,65.6,174.31,174.31,1093.34
2019-04-16,39933,29,983072,16/04/2019:MML-3632,Woodland Heights,30.27,15.35,15.35,605.24
2019-04-16,37037,29,983074,16/04/2019:MML-3632,Woodland Heights,1.28,0.19,0.19,25.63
2019-04-16,39933,29,983073,16/04/2019:MML-3632,Woodland Heights,1.3,0.67,0.67,25.94
2019-04-16,37037,29,983075,16/04/2019:MML-3632,Woodland Heights,34.63,22.97,54.0,692.54
2019-04-16,42461,29,983076,16/04/2019:MML-3632,Woodland Heights,4.51,3.27,3.27,90.23
2019-04-16,8649,29,983156,16/04/2019:MML-3632,Woodland Heights,14.33,28.38,28.38,238.6
2019-04-16,10166,29,983155,16/04/2019:MML-3632,Woodland Heights,11.28,12.83,12.83,188.0
2019-04-16,154,29,983154,16/04/2019:MML-3632,Woodland Heights,11.22,12.83,12.83,187.0
2019-04-17,43261,29,983801,17/04/2019:MML-3632,Woodland Heights,9.45,1.77,3.0,188.75
2019-04-17,13722,29,983797,17/04/2019:MML-3632,Woodland Heights,12.9,8.65,9.0,257.98
2019-04-17,31930,29,983802,17/04/2019:MML-3632,Woodland Heights,45.55,14.65,15.0,910.95
2019-04-17,31875,29,983793,17/04/2019:MML-3632,Woodland Heights,62.08,47.39,51.0,1241.66
2019-04-17,40106,29,983795,17/04/2019:MML-3632,Woodland Heights,0.36,0.36,0.36,7.21
2019-04-17,38550,29,983805,17/04/2019:MML-3632,Woodland Heights,32.67,19.62,19.62,653.69
2019-04-17,43260,29,983798,17/04/2019:MML-3632,Woodland Heights,1.3,0.67,0.67,25.94
2019-04-17,31930,29,983803,17/04/2019:MML-3632,Woodland Heights,0.72,0.72,0.72,14.42
2019-04-17,40106,29,983794,17/04/2019:MML-3632,Woodland Heights,11.14,3.48,3.48,222.9
2019-04-17,10307,29,983807,17/04/2019:MML-3632,Woodland Heights,9.17,26.54,48.0,183.37
2019-04-17,10308,29,983804,17/04/2019:MML-3632,Woodland Heights,27.45,42.16,63.0,548.95
2019-04-17,43260,29,983799,17/04/2019:MML-3632,Woodland Heights,17.24,13.91,13.91,344.88
2019-04-17,38550,29,983806,17/04/2019:MML-3632,Woodland Heights,1.3,0.67,0.67,25.94
2019-04-17,14075,29,983558,17/04/2019:MML-3632,Woodland Heights,17.33,57.36,102.0,346.65
2019-04-17,154,29,983800,17/04/2019:MML-3632,Woodland Heights,26.98,7.23,7.23,539.57
2019-04-17,14075,29,983559,17/04/2019:MML-3632,Woodland Heights,118.1,382.4,687.0,2362.0
2019-04-17,39781,29,983808,17/04/2019:MML-3632,Woodland Heights,13.2,13.52,13.52,264.15
2019-04-17,37142,29,983796,17/04/2019:MML-3632,Woodland Heights,5.14,4.87,4.87,102.91
2019-04-17,23155,29,983809,17/04/2019:MML-3632,Woodland Heights,7.8,5.24,5.24,155.88
2019-04-17,7046,29,983813,17/04/2019:MML-3632,Woodland Heights,63.13,151.73,151.73,1052.2
2019-04-18,31194,29,984720,18/04/2019:MML-3632,Woodland Heights,56.02,10.58,18.0,1120.32
2019-04-18,7046,29,984597,18/04/2019:MML-3632,Woodland Heights,10.04,7.38,30.0,200.72
2019-04-18,7046,29,984598,18/04/2019:MML-3632,Woodland Heights,125.25,41.77,41.77,2505.03
2019-04-18,7046,29,984599,18/04/2019:MML-3632,Woodland Heights,200.88,141.57,222.0,4017.51
2019-04-18,31194,29,984719,18/04/2019:MML-3632,Woodland Heights,0.92,0.31,0.31,18.34
2019-04-23,9390,29,986020,23/04/2019:MML-3632,Woodland Heights,1.22,2.04,6.0,24.43
2019-04-23,9390,29,986021,23/04/2019:MML-3632,Woodland Heights,26.77,27.16,90.0,535.49
2019-04-23,37392,29,986017,23/04/2019:MML-3632,Woodland Heights,1.83,0.63,0.63,36.68
2019-04-23,37392,29,986018,23/04/2019:MML-3632,Woodland Heights,49.07,61.11,61.11,981.49
2019-04-23,36895,29,986015,23/04/2019:MML-3632,Woodland Heights,46.57,38.5,60.0,931.45
2019-04-23,37392,29,986019,23/04/2019:MML-3632,Woodland Heights,0.36,0.36,0.36,7.21
2019-04-23,41983,29,986023,23/04/2019:MML-3632,Woodland Heights,0.92,0.31,0.31,18.34
2019-04-23,36895,29,986014,23/04/2019:MML-3632,Woodland Heights,0.36,0.36,0.36,7.21
2019-04-23,22247,29,986024,23/04/2019:MML-3632,Woodland Heights,43.39,30.86,63.0,867.86
2019-04-23,18800,29,986016,23/04/2019:MML-3632,Woodland Heights,15.08,3.17,3.17,301.68
2019-04-23,12891,29,986022,23/04/2019:MML-3632,Woodland Heights,20.2,14.17,14.17,404.15
2019-04-23,4752,29,986013,23/04/2019:MML-3632,Woodland Heights,43.27,28.41,28.41,865.48
2019-04-24,8427,29,986874,24/04/2019:MML-3632,Woodland Heights,2.31,1.95,3.0,46.2
2019-04-24,4355,29,986868,24/04/2019:MML-3632,Woodland Heights,11.55,4.32,6.0,231.13
2019-04-24,40259,29,986870,24/04/2019:MML-3632,Woodland Heights,14.64,6.22,9.0,292.78
2019-04-24,8427,29,986875,24/04/2019:MML-3632,Woodland Heights,47.16,22.03,30.0,943.15
2019-04-24,4356,29,986867,24/04/2019:MML-3632,Woodland Heights,9.08,6.44,6.44,181.52
2019-04-24,7330,29,986873,24/04/2019:MML-3632,Woodland Heights,9.14,6.32,6.32,182.72
2019-04-24,23155,29,987054,24/04/2019:MML-3632,Woodland Heights,15.59,10.48,10.48,311.76
2019-04-24,12618,29,986865,24/04/2019:MML-3632,Woodland Heights,14.27,8.17,8.17,285.4
2019-04-24,31930,29,986872,24/04/2019:MML-3632,Woodland Heights,12.0,18.3,18.3,239.92
2019-04-24,21857,29,986863,24/04/2019:MML-3632,Woodland Heights,18.55,12.31,12.31,370.96
2019-04-24,6645,29,986869,24/04/2019:MML-3632,Woodland Heights,30.73,10.05,10.05,614.66
2019-04-24,42996,29,986871,24/04/2019:MML-3632,Woodland Heights,1.12,0.93,0.93,22.44
2019-04-24,16619,29,986864,24/04/2019:MML-3632,Woodland Heights,31.63,27.54,54.0,632.57
2019-04-24,39993,29,986866,24/04/2019:MML-3632,Woodland Heights,0.92,0.31,0.31,18.34
2019-04-25,39993,29,987889,25/04/2019:MML-3632,Woodland Heights,33.45,16.1,16.1,668.95
2019-04-25,4904,29,987605,25/04/2019:MML-3632,Woodland Heights,3.52,12.73,12.73,70.35
2019-04-25,4904,29,987604,25/04/2019:MML-3632,Woodland Heights,30.66,27.18,105.0,613.26
2019-04-25,4904,29,987606,25/04/2019:MML-3632,Woodland Heights,362.3,595.0,693.0,7246.07
2019-04-25,43041,29,987619,25/04/2019:MML-3632,Woodland Heights,0.92,0.31,0.31,18.34
2019-04-25,43041,29,987620,25/04/2019:MML-3632,Woodland Heights,392.4,90.62,156.0,7848.0
2019-04-25,23155,29,987621,25/04/2019:MML-3632,Woodland Heights,0.92,0.31,0.31,18.34
2019-04-29,33389,29,989114,29/04/2019:MML-3632,Woodland Heights,43.98,31.66,36.0,879.59
2019-04-30,42990,29,989988,30/04/2019:MML-3632,Woodland Heights,11.02,6.94,18.0,220.67
2019-04-30,6125,29,989989,30/04/2019:MML-3632,Woodland Heights,13.22,3.94,3.94,264.31
2019-04-30,7046,29,989992,30/04/2019:MML-3632,Woodland Heights,5.25,1.42,1.42,104.93
2019-04-30,7046,29,989991,30/04/2019:MML-3632,Woodland Heights,0.31,0.43,0.43,6.11
2019-04-30,7046,29,989993,30/04/2019:MML-3632,Woodland Heights,49.24,24.09,24.09,984.77
2019-04-30,36844,29,989990,30/04/2019:MML-3632,Woodland Heights,6.93,4.36,4.36,138.62
2019-04-30,42990,29,989987,30/04/2019:MML-3632,Woodland Heights,1.2,0.72,0.72,24.12
2019-04-30,41983,29,989986,30/04/2019:MML-3632,Woodland Heights,26.14,20.65,20.65,522.92
2019-04-30,39933,29,989994,30/04/2019:MML-3632,Woodland Heights,15.61,9.66,9.66,312.18
2019-05-02,154,29,990648,02/05/2019:MML-3632,Woodland Heights,11.07,2.9,3.0,221.43
2019-05-02,10780,29,990645,02/05/2019:MML-3632,Woodland Heights,11.07,2.37,3.0,221.36
2019-05-02,8649,29,990649,02/05/2019:MML-3632,Woodland Heights,1.46,3.82,6.0,29.12
2019-05-02,31875,29,990653,02/05/2019:MML-3632,Woodland Heights,30.46,9.13,18.0,609.15
2019-05-02,8649,29,990650,02/05/2019:MML-3632,Woodland Heights,24.02,10.69,27.0,480.69
2019-05-02,40106,29,990654,02/05/2019:MML-3632,Woodland Heights,7.84,4.99,27.0,156.76
2019-05-02,4904,29,990651,02/05/2019:MML-3632,Woodland Heights,15.59,6.69,6.69,311.77
2019-05-02,39781,29,990644,02/05/2019:MML-3632,Woodland Heights,7.36,3.36,3.36,147.18
2019-05-02,43261,29,990646,02/05/2019:MML-3632,Woodland Heights,15.05,12.88,12.88,301.08
2019-05-02,10308,29,990647,02/05/2019:MML-3632,Woodland Heights,10.96,30.36,54.0,219.27
2019-05-02,13722,29,990652,02/05/2019:MML-3632,Woodland Heights,12.76,7.2,7.2,255.24
2019-05-07,27270,29,992407,07/05/2019:MML-3632,Woodland Heights,1.08,2.58,9.0,21.84
2019-05-07,9390,29,992404,07/05/2019:MML-3632,Woodland Heights,13.55,8.38,12.0,271.2
2019-05-07,39709,29,992397,07/05/2019:MML-3632,Woodland Heights,9.65,13.52,21.0,193.09
2019-05-07,37392,29,992402,07/05/2019:MML-3632,Woodland Heights,5.25,15.29,27.0,105.0
2019-05-07,31930,29,992406,07/05/2019:MML-3632,Woodland Heights,34.31,22.76,39.0,686.24
2019-05-07,18800,29,992399,07/05/2019:MML-3632,Woodland Heights,25.34,6.1,6.1,506.73
2019-05-07,12891,29,992405,07/05/2019:MML-3632,Woodland Heights,10.73,4.45,4.45,214.53
2019-05-07,36895,29,992398,07/05/2019:MML-3632,Woodland Heights,29.55,61.08,61.08,591.06
2019-05-07,35508,29,992401,07/05/2019:MML-3632,Woodland Heights,29.83,41.24,114.0,596.63
2019-05-07,27270,29,992408,07/05/2019:MML-3632,Woodland Heights,13.13,12.82,12.82,262.65
2019-05-07,43143,29,992403,07/05/2019:MML-3632,Woodland Heights,15.18,9.91,9.91,303.66
2019-05-07,15450,29,992400,07/05/2019:MML-3632,Woodland Heights,12.45,25.21,25.21,248.79
2019-05-07,33389,29,992396,07/05/2019:MML-3632,Woodland Heights,22.77,29.97,29.97,455.3
2019-05-08,6645,29,993121,08/05/2019:MML-3632,Woodland Heights,10.43,2.84,3.0,208.54
2019-05-08,30800,29,993118,08/05/2019:MML-3632,Woodland Heights,4.27,2.86,3.0,85.26
2019-05-08,3159,29,993123,08/05/2019:MML-3632,Woodland Heights,21.22,3.48,6.0,424.36
2019-05-08,4355,29,993120,08/05/2019:MML-3632,Woodland Heights,18.46,5.02,6.0,369.21
2019-05-08,4356,29,993119,08/05/2019:MML-3632,Woodland Heights,32.43,10.03,12.0,648.59
2019-05-08,8427,29,993125,08/05/2019:MML-3632,Woodland Heights,28.49,13.58,21.0,569.76
2019-05-08,21857,29,993124,08/05/2019:MML-3632,Woodland Heights,18.13,13.54,24.0,362.63
2019-05-08,39993,29,993117,08/05/2019:MML-3632,Woodland Heights,15.42,11.13,11.13,308.4
2019-05-08,242,29,993116,08/05/2019:MML-3632,Woodland Heights,9.76,4.86,4.86,195.15
2019-05-08,4752,29,993115,08/05/2019:MML-3632,Woodland Heights,12.67,12.35,12.35,253.46
2019-05-08,41948,29,993122,08/05/2019:MML-3632,Woodland Heights,31.99,13.14,13.14,639.72
2019-05-09,43041,29,993773,09/05/2019:MML-3632,Woodland Heights,94.89,18.86,27.0,1897.81
2019-05-09,24586,29,993774,09/05/2019:MML-3632,Woodland Heights,13.18,11.29,36.0,263.62
2019-05-09,32470,29,993752,09/05/2019:MML-3632,Woodland Heights,63.86,326.01,326.01,15468.16
2019-05-13,7046,29,994816,13/05/2019:MML-3632,Woodland Heights,31.73,123.12,123.12,722.38
2019-05-14,39781,29,995667,14/05/2019:MML-3632,Woodland Heights,5.0,8.14,15.0,100.09
2019-05-14,31875,29,995676,14/05/2019:MML-3632,Woodland Heights,36.3,12.65,18.0,726.05
2019-05-14,6125,29,995672,14/05/2019:MML-3632,Woodland Heights,9.67,9.6,18.0,193.56
2019-05-14,3001,29,995670,14/05/2019:MML-3632,Woodland Heights,0.73,0.55,0.55,14.64
2019-05-14,41983,29,995668,14/05/2019:MML-3632,Woodland Heights,9.33,10.85,10.85,186.47
2019-05-14,34044,29,995673,14/05/2019:MML-3632,Woodland Heights,14.55,8.73,8.73,291.18
2019-05-14,3001,29,995671,14/05/2019:MML-3632,Woodland Heights,18.99,21.39,21.39,379.8
2019-05-14,11914,29,995663,14/05/2019:MML-3632,Woodland Heights,0.84,0.07,0.07,16.72
2019-05-14,11914,29,995664,14/05/2019:MML-3632,Woodland Heights,10.23,4.83,4.83,204.53
2019-05-14,39933,29,995669,14/05/2019:MML-3632,Woodland Heights,19.93,15.48,15.48,398.6
2019-05-14,7046,29,995675,14/05/2019:MML-3632,Woodland Heights,48.37,31.34,31.34,967.45
2019-05-14,7046,29,995674,14/05/2019:MML-3632,Woodland Heights,5.12,0.95,0.95,102.43
2019-05-15,8649,29,996324,15/05/2019:MML-3632,Woodland Heights,14.77,15.7,21.0,295.42
2019-05-15,22247,29,996323,15/05/2019:MML-3632,Woodland Heights,29.94,19.34,19.34,598.74
2019-05-15,31930,29,996322,15/05/2019:MML-3632,Woodland Heights,9.72,20.83,36.0,194.34
2019-05-15,10308,29,996326,15/05/2019:MML-3632,Woodland Heights,38.05,69.33,105.0,760.91
2019-05-15,154,29,996325,15/05/2019:MML-3632,Woodland Heights,9.13,3.2,3.2,182.55
2019-05-15,42403,29,996321,15/05/2019:MML-3632,Woodland Heights,5.2,0.98,0.98,104.05
2019-05-15,154,29,996331,15/05/2019:MML-3632,Woodland Heights,12.43,33.48,33.48,207.2
2019-05-15,8649,29,996333,15/05/2019:MML-3632,Woodland Heights,10.1,32.68,32.68,168.4
2019-05-15,31875,29,996334,15/05/2019:MML-3632,Woodland Heights,10.01,9.01,9.01,166.81
2019-05-15,7330,29,996332,15/05/2019:MML-3632,Woodland Heights,10.01,21.38,21.38,166.76
2019-05-16,4904,29,996987,16/05/2019:MML-3632,Woodland Heights,42.48,4.4,12.0,849.53
2019-05-16,4904,29,996988,16/05/2019:MML-3632,Woodland Heights,430.45,314.68,314.68,8609.0
2019-05-16,4752,29,997108,16/05/2019:MML-3632,Woodland Heights,40.29,156.0,156.0,990.93
2019-05-20,38670,29,998166,20/05/2019:MML-3632,Woodland Heights,4.3,3.17,12.0,85.99
2019-05-20,4904,29,998167,20/05/2019:MML-3632,Woodland Heights,1.83,0.63,0.63,36.68
2019-05-20,18342,29,998169,20/05/2019:MML-3632,Woodland Heights,5.17,0.12,0.12,103.38
2019-05-20,12891,29,998168,20/05/2019:MML-3632,Woodland Heights,18.58,8.26,8.26,371.53
2019-05-20,39933,29,998179,20/05/2019:MML-3632,Woodland Heights,33.53,99.47,99.47,558.8
2019-05-20,31930,29,998183,20/05/2019:MML-3632,Woodland Heights,66.37,192.55,192.55,1106.1
2019-05-20,4904,29,998182,20/05/2019:MML-3632,Woodland Heights,71.71,218.18,218.18,1195.23
2019-05-20,35508,29,998180,20/05/2019:MML-3632,Woodland Heights,15.9,33.3,33.3,265.0
2019-05-20,33389,29,998184,20/05/2019:MML-3632,Woodland Heights,36.61,66.04,66.04,610.1
2019-05-21,41983,29,998917,21/05/2019:MML-3632,Woodland Heights,9.77,12.04,18.0,195.35
2019-05-21,39709,29,998916,21/05/2019:MML-3632,Woodland Heights,23.98,11.5,24.0,479.52
2019-05-21,10166,29,998925,21/05/2019:MML-3632,Woodland Heights,34.66,73.27,75.0,693.22
2019-05-21,43111,29,998921,21/05/2019:MML-3632,Woodland Heights,4.35,16.3,16.3,86.96
2019-05-21,36895,29,998919,21/05/2019:MML-3632,Woodland Heights,16.02,6.99,6.99,320.6
2019-05-21,43143,29,998924,21/05/2019:MML-3632,Woodland Heights,4.08,4.7,4.7,81.62
2019-05-21,39709,29,998915,21/05/2019:MML-3632,Woodland Heights,1.17,1.48,1.48,23.46
2019-05-21,31930,29,998914,21/05/2019:MML-3632,Woodland Heights,22.67,14.23,14.23,453.55
2019-05-21,33389,29,998926,21/05/2019:MML-3632,Woodland Heights,31.93,40.03,40.03,638.6
2019-05-21,36895,29,998918,21/05/2019:MML-3632,Woodland Heights,13.47,9.59,63.0,269.31
2019-05-21,35508,29,998922,21/05/2019:MML-3632,Woodland Heights,42.83,76.45,78.0,856.63
2019-05-21,242,29,998913,21/05/2019:MML-3632,Woodland Heights,7.89,4.73,4.73,157.79
2019-05-21,43111,29,998920,21/05/2019:MML-3632,Woodland Heights,1.17,1.48,1.48,23.46
2019-05-21,43143,29,998923,21/05/2019:MML-3632,Woodland Heights,0.39,0.21,0.21,7.6
2019-05-23,14075,29,1000767,23/05/2019:MML-3632,Woodland Heights,103.23,4.4,12.0,2064.52
2019-05-23,4904,29,1000593,23/05/2019:MML-3632,Woodland Heights,103.29,73.99,225.0,2065.79
2019-05-23,14075,29,1000594,23/05/2019:MML-3632,Woodland Heights,11.55,38.24,69.0,231.1
2019-05-23,42996,29,1000595,23/05/2019:MML-3632,Woodland Heights,379.95,256.95,261.0,7599.05
2019-05-23,14075,29,1000768,23/05/2019:MML-3632,Woodland Heights,495.93,673.6,930.0,9918.68
2019-05-23,4904,29,1000591,23/05/2019:MML-3632,Woodland Heights,4.05,2.02,2.02,80.94
2019-05-23,4904,29,1000592,23/05/2019:MML-3632,Woodland Heights,3.67,2.0,2.0,73.5
2019-05-24,7046,29,1001435,24/05/2019:MML-3632,Woodland Heights,82.1,223.56,223.56,1368.31
2019-05-28,39781,4,1002909,28/05/2019:MHJ-9634,Woodland Heights,12.73,14.71,15.0,254.52
2019-05-28,6125,4,1002908,28/05/2019:MHJ-9634,Woodland Heights,2.96,2.37,12.0,59.14
2019-05-28,23104,4,1002906,28/05/2019:MHJ-9634,Woodland Heights,1.17,1.48,1.48,23.46
2019-05-28,6125,4,1002907,28/05/2019:MHJ-9634,Woodland Heights,4.43,3.73,3.73,88.59
2019-05-28,7046,4,1002902,28/05/2019:MHJ-9634,Woodland Heights,21.73,12.27,12.27,434.63
2019-05-28,40106,4,1002900,28/05/2019:MHJ-9634,Woodland Heights,5.87,6.71,6.71,117.31
2019-05-28,7046,4,1002901,28/05/2019:MHJ-9634,Woodland Heights,5.55,1.42,1.42,110.99
2019-05-28,7046,4,1002903,28/05/2019:MHJ-9634,Woodland Heights,55.49,81.34,87.0,1109.82
2019-05-28,23104,4,1002905,28/05/2019:MHJ-9634,Woodland Heights,49.86,44.32,44.32,997.03
2019-05-28,23104,4,1002904,28/05/2019:MHJ-9634,Woodland Heights,1.66,2.08,2.08,33.12
2019-05-28,4904,4,1002282,28/05/2019:MHJ-9634,Woodland Heights,44.28,170.83,170.83,1224.16
2019-05-29,39781,42,1003676,29/05/2019:QJP-8750,Woodland Heights,2.06,2.68,3.0,41.1
2019-05-29,31930,42,1003679,29/05/2019:QJP-8750,Woodland Heights,20.45,17.6,17.6,408.71
2019-05-29,38550,42,1003677,29/05/2019:QJP-8750,Woodland Heights,18.55,9.73,9.73,371.1
2019-05-29,10307,42,1003684,29/05/2019:QJP-8750,Woodland Heights,12.53,33.96,63.0,250.59
2019-05-29,8649,42,1003683,29/05/2019:QJP-8750,Woodland Heights,7.47,7.56,7.56,149.38
2019-05-29,41756,42,1003678,29/05/2019:QJP-8750,Woodland Heights,19.52,7.0,7.0,390.39
2019-05-29,42403,42,1003675,29/05/2019:QJP-8750,Woodland Heights,16.53,9.52,9.52,330.51
2019-05-29,10307,42,1003685,29/05/2019:QJP-8750,Woodland Heights,0.67,1.06,1.06,13.62
2019-05-29,31875,42,1003671,29/05/2019:QJP-8750,Woodland Heights,2.39,3.83,3.83,47.73
2019-05-29,22247,42,1003681,29/05/2019:QJP-8750,Woodland Heights,85.43,56.76,111.0,1708.63
2019-05-29,37142,42,1003670,29/05/2019:QJP-8750,Woodland Heights,4.01,2.86,2.86,80.22
2019-05-29,31930,42,1003680,29/05/2019:QJP-8750,Woodland Heights,242.27,250.92,465.0,4845.27
2019-05-29,31875,42,1003674,29/05/2019:QJP-8750,Woodland Heights,39.01,39.48,42.0,780.13
2019-05-29,37142,42,1003669,29/05/2019:QJP-8750,Woodland Heights,0.45,0.21,0.21,9.0
2019-05-29,31875,42,1003673,29/05/2019:QJP-8750,Woodland Heights,46.11,30.62,30.62,922.17
2019-05-29,31875,42,1003672,29/05/2019:QJP-8750,Woodland Heights,5.53,0.1,0.1,110.62
2019-05-29,13722,42,1003667,29/05/2019:QJP-8750,Woodland Heights,3.2,3.04,3.04,63.93
2019-05-29,13722,42,1003668,29/05/2019:QJP-8750,Woodland Heights,5.98,4.14,4.14,119.57
2019-05-29,22247,42,1003682,29/05/2019:QJP-8750,Woodland Heights,1.17,1.48,1.48,23.46
2019-05-30,16517,29,1004416,30/05/2019:MML-3632,Woodland Heights,16.11,3.73,6.0,322.11
2019-05-30,7046,19,1004417,30/05/2019:MDB-1602,Woodland Heights,35.28,62.37,174.0,705.6
2019-06-04,36895,29,1006448,04/06/2019:MML-3632,Woodland Heights,9.13,5.87,6.0,182.5
2019-06-04,31930,29,1006455,04/06/2019:MML-3632,Woodland Heights,19.4,13.14,15.0,387.99
2019-06-04,43143,29,1006451,04/06/2019:MML-3632,Woodland Heights,9.86,15.66,21.0,197.1
2019-06-04,42990,29,1006453,04/06/2019:MML-3632,Woodland Heights,20.52,13.32,24.0,410.46
2019-06-04,41665,29,1006449,04/06/2019:MML-3632,Woodland Heights,16.45,25.45,27.0,328.73
2019-06-04,33389,29,1006454,04/06/2019:MML-3632,Woodland Heights,46.9,45.58,63.0,938.01
2019-06-04,37392,29,1006452,04/06/2019:MML-3632,Woodland Heights,28.02,40.29,69.0,560.57
2019-06-04,39709,29,1006447,04/06/2019:MML-3632,Woodland Heights,18.23,19.22,39.0,364.52
2019-06-04,12891,29,1006450,04/06/2019:MML-3632,Woodland Heights,9.2,7.39,7.39,184.01
2019-06-05,7330,29,1007191,05/06/2019:MML-3632,Woodland Heights,23.72,8.98,9.0,474.36
2019-06-05,21857,29,1007196,05/06/2019:MML-3632,Woodland Heights,25.43,8.33,9.0,508.66
2019-06-05,6645,29,1007194,05/06/2019:MML-3632,Woodland Heights,11.73,5.37,5.37,234.78
2019-06-05,14075,29,1007201,05/06/2019:MML-3632,Woodland Heights,932.08,1222.18,1791.0,18641.65
2019-06-05,14075,29,1007200,05/06/2019:MML-3632,Woodland Heights,11.55,38.24,69.0,231.1
2019-06-05,242,29,1007192,05/06/2019:MML-3632,Woodland Heights,10.8,11.05,11.05,215.89
2019-06-05,4752,29,1007189,05/06/2019:MML-3632,Woodland Heights,4.07,2.02,2.02,81.34
2019-06-05,41948,29,1007195,05/06/2019:MML-3632,Woodland Heights,11.14,3.29,3.29,222.79
2019-06-05,4355,29,1007197,05/06/2019:MML-3632,Woodland Heights,35.39,12.64,12.64,707.88
2019-06-05,4356,29,1007193,05/06/2019:MML-3632,Woodland Heights,19.99,10.74,10.74,399.85
2019-06-05,4904,29,1007190,05/06/2019:MML-3632,Woodland Heights,50.92,54.67,54.67,1018.34
2019-06-05,8427,29,1007036,05/06/2019:MML-3632,Woodland Heights,62.06,27.94,27.94,3433.9
2019-06-06,24063,29,1007623,06/06/2019:MML-3632,Woodland Heights,4.27,7.34,21.0,85.13
2019-06-06,40106,29,1007622,06/06/2019:MML-3632,Woodland Heights,1.17,1.48,1.48,23.46
2019-06-06,24063,29,1007624,06/06/2019:MML-3632,Woodland Heights,0.35,0.36,0.36,7.06
2019-06-10,43041,2,1008932,10/06/2019:MJD-6976,Woodland Heights,81.42,21.38,33.0,1628.41
2019-06-10,39933,2,1008933,10/06/2019:MJD-6976,Woodland Heights,18.0,6.31,6.31,359.92
2019-06-11,154,29,1009639,11/06/2019:MML-3632,Woodland Heights,13.73,8.12,15.0,274.6
2019-06-11,42990,29,1009632,11/06/2019:MML-3632,Woodland Heights,9.53,5.94,12.0,190.52
2019-06-11,8649,29,1009638,11/06/2019:MML-3632,Woodland Heights,13.52,12.03,18.0,270.37
2019-06-11,7046,29,1009635,11/06/2019:MML-3632,Woodland Heights,27.67,9.4,18.0,553.58
2019-06-11,23104,29,1009637,11/06/2019:MML-3632,Woodland Heights,11.16,19.49,19.49,223.22
2019-06-11,10780,29,1009640,11/06/2019:MML-3632,Woodland Heights,12.22,5.01,5.01,244.33
2019-06-11,23104,29,1009636,11/06/2019:MML-3632,Woodland Heights,1.27,0.33,0.33,25.26
2019-06-11,3001,29,1009633,11/06/2019:MML-3632,Woodland Heights,9.04,3.93,3.93,180.82
2019-06-11,7046,29,1009634,11/06/2019:MML-3632,Woodland Heights,5.55,1.42,1.42,110.99
2019-06-12,37142,29,1010265,12/06/2019:MML-3632,Woodland Heights,4.3,2.28,3.0,86.01
2019-06-12,13722,29,1010266,12/06/2019:MML-3632,Woodland Heights,4.39,1.82,3.0,87.82
2019-06-12,39781,29,1010274,12/06/2019:MML-3632,Woodland Heights,17.1,15.9,18.0,342.02
2019-06-12,31875,29,1010264,12/06/2019:MML-3632,Woodland Heights,15.08,10.76,18.0,301.54
2019-06-12,2131,29,1010275,12/06/2019:MML-3632,Woodland Heights,11.39,15.56,24.0,227.53
2019-06-12,42997,29,1010267,12/06/2019:MML-3632,Woodland Heights,4.39,1.09,1.09,87.7
2019-06-12,25446,29,1010270,12/06/2019:MML-3632,Woodland Heights,9.52,9.77,9.77,190.35
2019-06-12,31930,29,1010272,12/06/2019:MML-3632,Woodland Heights,15.23,15.6,15.6,304.56
2019-06-12,43261,29,1010269,12/06/2019:MML-3632,Woodland Heights,4.11,9.8,9.8,82.1
2019-06-12,42532,29,1010268,12/06/2019:MML-3632,Woodland Heights,4.76,6.12,6.12,95.11
2019-06-12,39993,29,1010273,12/06/2019:MML-3632,Woodland Heights,20.07,12.95,12.95,401.3
2019-06-12,41756,29,1010271,12/06/2019:MML-3632,Woodland Heights,32.64,24.4,24.4,652.8
2019-06-12,7330,29,1010338,12/06/2019:MML-3632,Woodland Heights,14.0,17.31,17.31,233.28
2019-06-12,154,29,1010337,12/06/2019:MML-3632,Woodland Heights,10.16,28.07,28.07,169.28
2019-06-12,8649,29,1010339,12/06/2019:MML-3632,Woodland Heights,13.13,43.89,43.89,218.9
2019-06-13,31194,29,1010821,13/06/2019:MML-3632,Woodland Heights,18.67,3.62,6.0,373.44
2019-06-13,7046,29,1010834,13/06/2019:MML-3632,Woodland Heights,56.55,109.87,109.87,942.51
2019-06-13,39933,29,1010835,13/06/2019:MML-3632,Woodland Heights,26.92,89.77,89.77,448.5
2019-06-13,4752,29,1010836,13/06/2019:MML-3632,Woodland Heights,27.98,106.43,106.43,466.2
2019-06-14,40500,29,1011623,14/06/2019:MML-3632,Woodland Heights,103.34,80.49,80.49,2066.84
2019-06-14,4904,29,1011645,14/06/2019:MML-3632,Woodland Heights,39.51,137.72,137.72,658.54
2019-06-14,31875,29,1011648,14/06/2019:MML-3632,Woodland Heights,23.24,68.64,68.64,387.4
2019-06-14,35508,29,1011646,14/06/2019:MML-3632,Woodland Heights,22.81,76.82,76.82,380.2
2019-06-14,13722,29,1011647,14/06/2019:MML-3632,Woodland Heights,12.58,26.41,26.41,209.64
2019-06-17,40500,29,1012144,17/06/2019:MML-3632,Woodland Heights,23.95,17.36,18.0,479.04
2019-06-17,9390,29,1012146,17/06/2019:MML-3632,Woodland Heights,12.84,10.57,30.0,256.72
2019-06-17,12891,29,1012147,17/06/2019:MML-3632,Woodland Heights,14.94,12.13,12.13,298.85
2019-06-17,14581,29,1012145,17/06/2019:MML-3632,Woodland Heights,9.04,7.25,7.25,180.72
2019-06-17,18172,29,1012159,17/06/2019:MML-3632,Woodland Heights,13.45,39.58,39.58,224.0
2019-06-17,33040,29,1012156,17/06/2019:MML-3632,Woodland Heights,20.88,18.03,18.03,348.0
2019-06-18,31930,29,1012946,18/06/2019:MML-3632,Woodland Heights,17.31,6.94,9.0,346.15
2019-06-18,42990,29,1012942,18/06/2019:MML-3632,Woodland Heights,18.69,11.47,12.0,373.86
2019-06-18,33389,29,1012938,18/06/2019:MML-3632,Woodland Heights,22.84,38.39,48.0,456.88
2019-06-18,37392,29,1012943,18/06/2019:MML-3632,Woodland Heights,27.8,67.38,117.0,555.81
2019-06-18,35508,29,1012941,18/06/2019:MML-3632,Woodland Heights,11.64,8.03,8.03,232.73
2019-06-18,39709,29,1012945,18/06/2019:MML-3632,Woodland Heights,18.67,9.79,45.0,373.54
2019-06-18,41665,29,1012940,18/06/2019:MML-3632,Woodland Heights,21.08,34.1,39.0,421.85
2019-06-18,39709,29,1012944,18/06/2019:MML-3632,Woodland Heights,3.35,0.18,0.18,66.96
2019-06-18,36895,29,1012939,18/06/2019:MML-3632,Woodland Heights,27.39,37.71,37.71,547.83
2019-06-19,4904,29,1013702,19/06/2019:MML-3632,Woodland Heights,12.92,7.49,9.0,258.42
2019-06-19,27270,29,1013704,19/06/2019:MML-3632,Woodland Heights,11.07,8.45,9.0,221.45
2019-06-19,43041,29,1013701,19/06/2019:MML-3632,Woodland Heights,41.02,7.6,9.0,820.5
2019-06-19,21857,29,1013709,19/06/2019:MML-3632,Woodland Heights,22.25,15.28,24.0,444.95
2019-06-19,4355,29,1013706,19/06/2019:MML-3632,Woodland Heights,1.27,0.33,0.33,25.26
2019-06-19,242,29,1013710,19/06/2019:MML-3632,Woodland Heights,14.45,12.16,12.16,288.78
2019-06-19,21857,29,1013708,19/06/2019:MML-3632,Woodland Heights,1.27,0.33,0.33,25.26
2019-06-19,4355,29,1013707,19/06/2019:MML-3632,Woodland Heights,27.83,15.86,15.86,556.57
2019-06-19,25446,29,1013703,19/06/2019:MML-3632,Woodland Heights,7.88,5.44,5.44,157.52
2019-06-19,43018,29,1013714,19/06/2019:MML-3632,Woodland Heights,9.14,6.08,6.08,183.01
2019-06-19,4356,29,1013713,19/06/2019:MML-3632,Woodland Heights,23.98,9.52,9.52,479.69
2019-06-19,39993,29,1013711,19/06/2019:MML-3632,Woodland Heights,10.08,7.48,7.48,201.66
2019-06-19,4356,29,1013712,19/06/2019:MML-3632,Woodland Heights,1.27,0.33,0.33,25.26
2019-06-19,43041,29,1013700,19/06/2019:MML-3632,Woodland Heights,9.14,10.4,10.4,183.0
2019-06-19,6645,29,1013705,19/06/2019:MML-3632,Woodland Heights,11.06,3.33,3.33,221.24
2019-06-21,42996,29,1014756,21/06/2019:MML-3632,Woodland Heights,5.0,3.0,3.0,99.92
2019-06-21,42996,29,1014755,21/06/2019:MML-3632,Woodland Heights,6.25,2.52,9.0,125.07
2019-06-21,14075,29,1014599,21/06/2019:MML-3632,Woodland Heights,6.25,2.52,9.0,125.07
2019-06-21,42996,29,1014758,21/06/2019:MML-3632,Woodland Heights,416.61,195.14,474.0,8332.37
2019-06-21,14075,29,1014601,21/06/2019:MML-3632,Woodland Heights,403.3,573.76,1083.0,8065.97
2019-06-21,4904,29,1014596,21/06/2019:MML-3632,Woodland Heights,15.05,24.94,69.0,300.96
2019-06-21,14075,29,1014600,21/06/2019:MML-3632,Woodland Heights,40.14,16.8,45.0,802.8
2019-06-21,42996,29,1014757,21/06/2019:MML-3632,Woodland Heights,6.67,4.0,4.0,133.5
2019-06-24,4752,29,1015064,24/06/2019:MML-3632,Woodland Heights,4.6,6.0,6.0,92.08
2019-06-24,7046,29,1015061,24/06/2019:MML-3632,Woodland Heights,1.54,4.06,6.0,30.79
2019-06-24,9390,29,1015063,24/06/2019:MML-3632,Woodland Heights,0.98,1.3,6.0,19.36
2019-06-24,24586,29,1015059,24/06/2019:MML-3632,Woodland Heights,18.37,12.42,15.0,367.38
2019-06-24,39933,29,1015060,24/06/2019:MML-3632,Woodland Heights,18.65,16.02,16.02,372.93
2019-06-24,7046,29,1015062,24/06/2019:MML-3632,Woodland Heights,23.61,76.48,138.0,472.4
2019-06-25,37037,29,1015885,25/06/2019:MML-3632,Woodland Heights,5.82,3.2,9.0,116.49
2019-06-25,6125,29,1015882,25/06/2019:MML-3632,Woodland Heights,3.12,2.26,15.0,62.44
2019-06-25,8649,29,1015887,25/06/2019:MML-3632,Woodland Heights,11.94,12.35,21.0,238.81
2019-06-25,6125,29,1015883,25/06/2019:MML-3632,Woodland Heights,41.16,18.18,27.0,823.24
2019-06-25,22247,29,1015890,25/06/2019:MML-3632,Woodland Heights,50.29,32.56,72.0,1005.76
2019-06-25,37037,29,1015886,25/06/2019:MML-3632,Woodland Heights,0.33,0.22,0.22,6.46
2019-06-25,33881,29,1015884,25/06/2019:MML-3632,Woodland Heights,44.39,68.2,81.0,887.83
2019-06-25,41756,29,1015889,25/06/2019:MML-3632,Woodland Heights,54.54,43.02,43.02,1090.81
2019-06-25,10780,29,1015888,25/06/2019:MML-3632,Woodland Heights,13.14,6.85,6.85,262.99
2019-06-26,16517,29,1016617,26/06/2019:MML-3632,Woodland Heights,23.59,4.71,6.0,471.83
2019-06-26,39781,29,1016619,26/06/2019:MML-3632,Woodland Heights,12.9,10.09,12.0,257.92
2019-06-26,25446,29,1016615,26/06/2019:MML-3632,Woodland Heights,7.13,7.45,12.0,142.66
2019-06-26,43261,29,1016616,26/06/2019:MML-3632,Woodland Heights,9.16,6.7,6.7,183.15
2019-06-26,41756,29,1016614,26/06/2019:MML-3632,Woodland Heights,98.51,27.05,51.0,1970.2
2019-06-26,10308,29,1016618,26/06/2019:MML-3632,Woodland Heights,22.73,43.8,63.0,454.87
2019-06-26,31930,29,1016621,26/06/2019:MML-3632,Woodland Heights,205.27,209.37,315.0,4105.41
2019-06-26,31930,29,1016620,26/06/2019:MML-3632,Woodland Heights,9.33,6.63,6.63,186.47
2019-06-27,7046,29,1017214,27/06/2019:MML-3632,Woodland Heights,9.94,1.98,3.0,198.81
2019-06-27,42403,29,1017218,27/06/2019:MML-3632,Woodland Heights,10.95,9.12,15.0,218.94
2019-06-27,31875,29,1017216,27/06/2019:MML-3632,Woodland Heights,108.13,98.65,105.0,2162.69
2019-06-27,7046,29,1017215,27/06/2019:MML-3632,Woodland Heights,100.43,91.24,91.24,2008.59
2019-06-27,40106,29,1017217,27/06/2019:MML-3632,Woodland Heights,4.42,2.25,2.25,88.43
2019-06-27,14075,29,1017212,27/06/2019:MML-3632,Woodland Heights,277.47,188.99,188.99,5549.4
2019-06-27,7046,29,1017213,27/06/2019:MML-3632,Woodland Heights,3.35,0.18,0.18,66.96
2019-06-27,42996,29,1017211,27/06/2019:MML-3632,Woodland Heights,184.98,124.6,124.6,3699.6
2019-06-28,14075,29,1017961,28/06/2019:MML-3632,Woodland Heights,243.84,188.99,188.99,4876.8
2019-06-28,42996,29,1017962,28/06/2019:MML-3632,Woodland Heights,162.55,124.6,124.6,3251.2
2019-06-28,4904,29,1018120,28/06/2019:MML-3632,Woodland Heights,174.14,145.84,453.0,3482.97
2019-06-28,10166,29,1018123,28/06/2019:MML-3632,Woodland Heights,11.31,26.16,26.16,188.56
2019-06-29,7046,29,1018712,29/06/2019:MML-3632,Woodland Heights,21.95,8.31,15.0,438.93
2019-06-29,7046,29,1018713,29/06/2019:MML-3632,Woodland Heights,108.54,41.55,72.0,2170.8
2019-07-02,31930,29,1019567,02/07/2019:MML-3632,Woodland Heights,9.76,2.54,3.0,195.24
2019-07-02,18800,29,1019558,02/07/2019:MML-3632,Woodland Heights,19.04,7.0,9.0,380.74
2019-07-02,10166,29,1019563,02/07/2019:MML-3632,Woodland Heights,5.0,4.77,12.0,100.09
2019-07-02,41665,29,1019557,02/07/2019:MML-3632,Woodland Heights,19.39,16.3,24.0,387.69
2019-07-02,43143,29,1019562,02/07/2019:MML-3632,Woodland Heights,9.94,22.24,33.0,198.74
2019-07-02,35508,29,1019559,02/07/2019:MML-3632,Woodland Heights,18.61,10.09,10.09,372.22
2019-07-02,12891,29,1019566,02/07/2019:MML-3632,Woodland Heights,20.0,7.95,7.95,399.95
2019-07-02,9390,29,1019565,02/07/2019:MML-3632,Woodland Heights,20.31,13.65,48.0,406.1
2019-07-02,37392,29,1019561,02/07/2019:MML-3632,Woodland Heights,14.67,36.43,63.0,293.68
2019-07-02,10166,29,1019564,02/07/2019:MML-3632,Woodland Heights,0.42,0.61,0.61,8.46
2019-07-02,42990,29,1019560,02/07/2019:MML-3632,Woodland Heights,14.6,8.73,8.73,291.96
2019-07-02,36895,29,1019556,02/07/2019:MML-3632,Woodland Heights,25.36,15.66,15.66,507.1
2019-07-03,3159,29,1020317,03/07/2019:MML-3632,Woodland Heights,7.06,1.64,3.0,141.16
2019-07-03,43018,29,1020312,03/07/2019:MML-3632,Woodland Heights,10.6,2.05,3.0,212.06
2019-07-03,6645,29,1020315,03/07/2019:MML-3632,Woodland Heights,13.6,8.1,9.0,272.08
2019-07-03,4752,29,1020309,03/07/2019:MML-3632,Woodland Heights,9.54,14.69,15.0,190.83
2019-07-03,43041,29,1020308,03/07/2019:MML-3632,Woodland Heights,101.14,19.2,33.0,2023.08
2019-07-03,242,29,1020310,03/07/2019:MML-3632,Woodland Heights,15.69,9.61,9.61,313.71
2019-07-03,21857,29,1020318,03/07/2019:MML-3632,Woodland Heights,19.46,16.85,16.85,389.2
2019-07-03,38550,29,1020314,03/07/2019:MML-3632,Woodland Heights,22.48,14.79,14.79,449.5
2019-07-03,7330,29,1020311,03/07/2019:MML-3632,Woodland Heights,14.66,13.77,13.77,293.29
2019-07-03,41756,29,1020313,03/07/2019:MML-3632,Woodland Heights,40.49,29.45,29.45,809.88
2019-07-03,8427,29,1020320,03/07/2019:MML-3632,Woodland Heights,0.23,0.19,0.19,4.62
2019-07-03,4355,29,1020319,03/07/2019:MML-3632,Woodland Heights,9.3,6.12,6.12,186.0
2019-07-03,8427,29,1020321,03/07/2019:MML-3632,Woodland Heights,52.65,23.43,36.0,1053.08
2019-07-03,41948,29,1020316,03/07/2019:MML-3632,Woodland Heights,30.3,14.2,14.2,606.03
2019-07-05,42996,29,1021499,05/07/2019:MML-3632,Woodland Heights,8.05,0.72,3.0,161.0
2019-07-05,14075,29,1021418,05/07/2019:MML-3632,Woodland Heights,219.27,417.73,420.0,4385.35
2019-07-05,42996,29,1021500,05/07/2019:MML-3632,Woodland Heights,310.31,470.49,470.49,6206.15
2019-07-09,39933,29,1022664,09/07/2019:MML-3632,Woodland Heights,10.49,11.3,24.0,209.78
2019-07-09,34044,29,1022666,09/07/2019:MML-3632,Woodland Heights,18.12,12.46,12.46,362.33
2019-07-09,36844,29,1022665,09/07/2019:MML-3632,Woodland Heights,7.27,4.36,4.36,145.41
2019-07-09,11914,29,1022672,09/07/2019:MML-3632,Woodland Heights,9.8,4.56,4.56,195.79
2019-07-09,8649,29,1022663,09/07/2019:MML-3632,Woodland Heights,29.39,23.14,36.0,587.82
2019-07-09,2131,29,1022667,09/07/2019:MML-3632,Woodland Heights,10.84,21.73,48.0,216.76
2019-07-09,33389,29,1022674,09/07/2019:MML-3632,Woodland Heights,24.36,27.97,27.97,406.0
2019-07-10,39781,29,1023398,10/07/2019:MML-3632,Woodland Heights,4.14,1.85,3.0,82.86
2019-07-10,24063,29,1023390,10/07/2019:MML-3632,Woodland Heights,20.02,6.75,15.0,400.59
2019-07-10,43261,29,1023394,10/07/2019:MML-3632,Woodland Heights,13.12,11.9,15.0,262.32
2019-07-10,25446,29,1023396,10/07/2019:MML-3632,Woodland Heights,7.82,8.27,12.0,156.41
2019-07-10,10780,29,1023393,10/07/2019:MML-3632,Woodland Heights,13.34,10.92,12.0,266.76
2019-07-10,31875,29,1023389,10/07/2019:MML-3632,Woodland Heights,32.02,18.53,21.0,640.56
2019-07-10,41756,29,1023395,10/07/2019:MML-3632,Woodland Heights,18.78,11.09,27.0,375.66
2019-07-10,42403,29,1023388,10/07/2019:MML-3632,Woodland Heights,5.01,8.29,8.29,100.17
2019-07-10,10308,29,1023397,10/07/2019:MML-3632,Woodland Heights,12.65,24.64,39.0,253.03
2019-07-10,154,29,1023392,10/07/2019:MML-3632,Woodland Heights,15.8,6.05,6.05,315.82
2019-07-10,24063,29,1023391,10/07/2019:MML-3632,Woodland Heights,0.78,1.06,1.06,15.56
2019-07-10,4904,29,1023403,10/07/2019:MML-3632,Woodland Heights,60.06,189.49,189.49,1001.01
2019-07-11,42996,29,1023992,11/07/2019:MML-3632,Woodland Heights,1.76,2.46,3.0,35.24
2019-07-11,4904,29,1023909,11/07/2019:MML-3632,Woodland Heights,130.71,183.64,537.0,2614.1
2019-07-11,42996,29,1023993,11/07/2019:MML-3632,Woodland Heights,20.45,1.0,1.0,409.0
2019-07-11,14075,29,1023979,11/07/2019:MML-3632,Woodland Heights,2.2,3.08,3.08,44.05
2019-07-11,42996,29,1023996,11/07/2019:MML-3632,Woodland Heights,256.28,498.21,498.21,5125.51
2019-07-11,42996,29,1023995,11/07/2019:MML-3632,Woodland Heights,135.45,110.55,110.55,2708.83
2019-07-11,42996,29,1023994,11/07/2019:MML-3632,Woodland Heights,0.14,0.1,0.1,3.0
2019-07-11,14075,29,1023980,11/07/2019:MML-3632,Woodland Heights,107.81,276.56,276.56,2156.14
2019-07-16,38670,29,1025648,16/07/2019:MML-3632,Woodland Heights,4.27,3.99,9.0,85.43
2019-07-16,9390,29,1025651,16/07/2019:MML-3632,Woodland Heights,10.86,11.42,12.0,216.9
2019-07-16,15450,29,1025650,16/07/2019:MML-3632,Woodland Heights,20.57,17.9,24.0,411.31
2019-07-16,33389,29,1025653,16/07/2019:MML-3632,Woodland Heights,44.06,37.44,42.0,881.16
2019-07-16,39709,29,1025647,16/07/2019:MML-3632,Woodland Heights,27.58,19.31,48.0,551.52
2019-07-16,12126,29,1025646,16/07/2019:MML-3632,Woodland Heights,12.43,9.03,9.03,248.58
2019-07-16,12891,29,1025652,16/07/2019:MML-3632,Woodland Heights,27.86,14.64,14.64,557.1
2019-07-16,37392,29,1025649,16/07/2019:MML-3632,Woodland Heights,32.02,43.31,72.0,640.31
2019-07-17,21857,29,1026351,17/07/2019:MML-3632,Woodland Heights,11.02,5.84,6.0,220.61
2019-07-17,40259,29,1026350,17/07/2019:MML-3632,Woodland Heights,20.54,8.18,9.0,410.89
2019-07-17,39993,29,1026346,17/07/2019:MML-3632,Woodland Heights,7.27,4.36,4.36,145.41
2019-07-17,24586,29,1026345,17/07/2019:MML-3632,Woodland Heights,24.08,20.85,42.0,481.51
2019-07-17,4356,29,1026347,17/07/2019:MML-3632,Woodland Heights,11.98,8.16,8.16,239.34
2019-07-17,14075,29,1026329,17/07/2019:MML-3632,Woodland Heights,285.01,484.29,717.0,5700.15
2019-07-17,4355,29,1026352,17/07/2019:MML-3632,Woodland Heights,13.77,4.86,4.86,275.39
2019-07-17,4752,29,1026353,17/07/2019:MML-3632,Woodland Heights,27.86,15.15,15.15,556.91
2019-07-17,42990,29,1026348,17/07/2019:MML-3632,Woodland Heights,24.05,15.51,51.0,480.96
2019-07-17,6645,29,1026349,17/07/2019:MML-3632,Woodland Heights,21.75,7.54,7.54,435.09
2019-07-17,8427,29,1026354,17/07/2019:MML-3632,Woodland Heights,35.14,15.03,15.03,702.88
2019-07-17,42996,29,1026327,17/07/2019:MML-3632,Woodland Heights,145.58,245.2,245.2,2911.58
2019-07-17,42996,29,1026326,17/07/2019:MML-3632,Woodland Heights,7.92,17.69,17.69,158.17
2019-07-17,42996,29,1026328,17/07/2019:MML-3632,Woodland Heights,225.28,449.77,684.0,4505.56
2019-07-17,31930,29,1026356,17/07/2019:MML-3632,Woodland Heights,46.45,146.5,146.5,774.22
2019-07-17,42037,29,1026099,17/07/2019:MML-3632,Woodland Heights,63.86,360.87,360.87,17929.95
2019-07-18,42996,29,1026876,18/07/2019:MML-3632,Woodland Heights,65.8,40.0,40.0,1316.0
2019-07-18,42996,29,1026875,18/07/2019:MML-3632,Woodland Heights,20.45,1.0,1.0,409.0
2019-07-18,31875,29,1026949,18/07/2019:MML-3632,Woodland Heights,32.9,69.12,69.12,548.4
2019-07-18,154,29,1026947,18/07/2019:MML-3632,Woodland Heights,16.33,45.72,45.72,272.2
2019-07-19,43158,29,1027584,19/07/2019:MML-3632,Woodland Heights,5.9,6.33,6.33,117.98
2019-07-19,41665,29,1027583,19/07/2019:MML-3632,Woodland Heights,19.67,29.42,36.0,393.49
2019-07-19,39933,29,1027675,19/07/2019:MML-3632,Woodland Heights,42.14,137.56,137.56,702.4
2019-07-19,31930,29,1027677,19/07/2019:MML-3632,Woodland Heights,162.77,407.23,407.23,2712.86
2019-07-19,35508,29,1027676,19/07/2019:MML-3632,Woodland Heights,61.89,188.38,188.38,1031.5
2019-07-19,7046,29,1027674,19/07/2019:MML-3632,Woodland Heights,48.18,134.39,134.39,803.03
2019-07-19,4752,29,1027672,19/07/2019:MML-3632,Woodland Heights,38.28,126.41,126.41,637.92
2019-07-19,8649,29,1027673,19/07/2019:MML-3632,Woodland Heights,14.49,21.27,21.27,241.5
2019-07-23,6125,29,1028509,23/07/2019:MML-3632,Woodland Heights,4.07,2.9,3.0,81.4
2019-07-23,154,29,1028710,23/07/2019:MML-3632,Woodland Heights,2.54,1.61,9.0,50.73
2019-07-23,43018,29,1028713,23/07/2019:MML-3632,Woodland Heights,9.96,8.89,9.0,199.2
2019-07-23,3001,29,1028508,23/07/2019:MML-3632,Woodland Heights,10.54,24.2,24.2,210.81
2019-07-23,41948,29,1028712,23/07/2019:MML-3632,Woodland Heights,11.51,16.13,16.13,229.92
2019-07-23,7046,29,1028707,23/07/2019:MML-3632,Woodland Heights,5.16,3.06,3.06,103.29
2019-07-23,8649,29,1028711,23/07/2019:MML-3632,Woodland Heights,15.46,22.18,39.0,309.1
2019-07-23,7046,29,1028708,23/07/2019:MML-3632,Woodland Heights,145.17,190.71,240.0,2903.39
2019-07-23,37037,29,1028510,23/07/2019:MML-3632,Woodland Heights,9.35,4.55,4.55,187.02
2019-07-23,23104,29,1028511,23/07/2019:MML-3632,Woodland Heights,30.54,32.45,32.45,610.7
2019-07-23,10780,29,1028709,23/07/2019:MML-3632,Woodland Heights,9.73,4.86,4.86,194.65
2019-07-23,33040,29,1028739,23/07/2019:MML-3632,Woodland Heights,20.02,18.03,18.03,333.62
2019-07-24,43261,29,1029402,24/07/2019:MML-3632,Woodland Heights,0.65,1.31,3.0,12.98
2019-07-24,37142,29,1029405,24/07/2019:MML-3632,Woodland Heights,4.54,2.18,3.0,90.88
2019-07-24,42403,29,1029407,24/07/2019:MML-3632,Woodland Heights,0.65,1.31,3.0,12.98
2019-07-24,13722,29,1029404,24/07/2019:MML-3632,Woodland Heights,6.72,4.95,6.0,134.38
2019-07-24,25446,29,1029401,24/07/2019:MML-3632,Woodland Heights,5.92,7.25,12.0,118.44
2019-07-24,31875,29,1029406,24/07/2019:MML-3632,Woodland Heights,31.63,22.92,30.0,632.6
2019-07-24,41756,29,1029400,24/07/2019:MML-3632,Woodland Heights,49.59,27.26,27.26,991.86
2019-07-24,22247,29,1029399,24/07/2019:MML-3632,Woodland Heights,55.75,28.9,84.0,1114.91
2019-07-24,31930,29,1029398,24/07/2019:MML-3632,Woodland Heights,32.0,18.91,18.91,640.01
2019-07-24,38550,29,1029403,24/07/2019:MML-3632,Woodland Heights,20.08,8.82,8.82,401.68
2019-07-26,4904,29,1030659,26/07/2019:MML-3632,Woodland Heights,3.12,1.62,3.0,62.35
2019-07-26,40106,29,1030661,26/07/2019:MML-3632,Woodland Heights,11.42,15.45,15.45,228.33
2019-07-26,4904,29,1030660,26/07/2019:MML-3632,Woodland Heights,52.13,40.81,60.0,1042.6
2019-07-26,43103,29,1030658,26/07/2019:MML-3632,Woodland Heights,9.34,6.8,6.8,186.86
2019-07-26,42403,29,1030662,26/07/2019:MML-3632,Woodland Heights,28.57,25.08,25.08,571.45
2019-07-26,32470,29,1030541,26/07/2019:MML-3632,Woodland Heights,63.86,193.71,193.71,9514.84
2019-07-29,9390,29,1031091,29/07/2019:MML-3632,Woodland Heights,5.1,5.63,18.0,102.03
2019-07-29,10166,29,1031092,29/07/2019:MML-3632,Woodland Heights,14.73,25.56,27.0,294.77
2019-07-29,43041,29,1031089,29/07/2019:MML-3632,Woodland Heights,125.05,23.26,33.0,2500.98
2019-07-29,12891,29,1031090,29/07/2019:MML-3632,Woodland Heights,11.89,7.1,7.1,237.78
2019-07-29,4904,29,1030966,29/07/2019:MML-3632,Woodland Heights,29.87,114.8,114.8,912.6
2019-07-30,36895,29,1031726,30/07/2019:MML-3632,Woodland Heights,0.65,1.31,3.0,12.98
2019-07-30,37392,29,1031723,30/07/2019:MML-3632,Woodland Heights,12.17,14.01,18.0,243.37
2019-07-30,41665,29,1031725,30/07/2019:MML-3632,Woodland Heights,16.31,19.82,27.0,326.21
2019-07-30,39709,29,1031720,30/07/2019:MML-3632,Woodland Heights,30.92,12.61,33.0,618.13
2019-07-30,42990,29,1031721,30/07/2019:MML-3632,Woodland Heights,9.19,4.99,4.99,183.86
2019-07-30,33389,29,1031719,30/07/2019:MML-3632,Woodland Heights,20.93,34.48,34.48,418.58
2019-07-30,36895,29,1031727,30/07/2019:MML-3632,Woodland Heights,26.06,22.09,22.09,521.16
2019-07-30,4752,29,1031718,30/07/2019:MML-3632,Woodland Heights,21.55,32.14,42.0,431.23
2019-07-30,18800,29,1031724,30/07/2019:MML-3632,Woodland Heights,16.99,3.17,3.17,339.75
2019-07-30,43143,29,1031722,30/07/2019:MML-3632,Woodland Heights,12.71,20.0,36.0,254.28
2019-07-30,43261,29,1031728,30/07/2019:MML-3632,Woodland Heights,14.66,9.37,9.37,293.28
2019-07-31,4356,29,1032406,31/07/2019:MML-3632,Woodland Heights,15.52,5.88,6.0,310.47
2019-07-31,242,29,1032404,31/07/2019:MML-3632,Woodland Heights,13.34,8.88,9.0,266.75
2019-07-31,7330,29,1032410,31/07/2019:MML-3632,Woodland Heights,9.29,11.04,12.0,185.81
2019-07-31,21857,29,1032402,31/07/2019:MML-3632,Woodland Heights,21.78,13.94,21.0,435.56
2019-07-31,10308,29,1032407,31/07/2019:MML-3632,Woodland Heights,10.9,21.17,30.0,217.97
2019-07-31,4355,29,1032403,31/07/2019:MML-3632,Woodland Heights,11.02,3.59,3.59,220.31
2019-07-31,31930,29,1032409,31/07/2019:MML-3632,Woodland Heights,4.11,6.36,6.36,82.2
2019-07-31,41612,29,1032251,31/07/2019:MML-3632,Woodland Heights,92.17,87.02,531.0,1843.3
2019-07-31,16619,29,1032401,31/07/2019:MML-3632,Woodland Heights,26.48,22.37,48.0,529.6
2019-07-31,6645,29,1032408,31/07/2019:MML-3632,Woodland Heights,12.53,9.13,9.13,250.57
2019-07-31,39993,29,1032405,31/07/2019:MML-3632,Woodland Heights,14.63,6.31,6.31,292.55
2019-07-31,8427,29,1032411,31/07/2019:MML-3632,Woodland Heights,46.93,17.34,17.34,938.54
2019-08-01,4904,29,1032757,01/08/2019:MML-3632,Woodland Heights,28.92,112.06,112.06,696.42
2019-08-06,7046,29,1034687,06/08/2019:MML-3632,Woodland Heights,0.65,1.31,3.0,12.98
2019-08-06,18172,29,1034684,06/08/2019:MML-3632,Woodland Heights,5.42,1.45,3.0,108.3
2019-08-06,11914,29,1034678,06/08/2019:MML-3632,Woodland Heights,11.8,2.56,12.0,235.98
2019-08-06,39933,29,1034680,06/08/2019:MML-3632,Woodland Heights,18.33,16.29,21.0,366.61
2019-08-06,8649,29,1034681,06/08/2019:MML-3632,Woodland Heights,9.64,18.22,24.0,192.8
2019-08-06,7046,29,1034688,06/08/2019:MML-3632,Woodland Heights,37.78,26.51,27.0,755.52
2019-08-06,34044,29,1034686,06/08/2019:MML-3632,Woodland Heights,9.77,11.56,11.56,195.33
2019-08-06,42990,29,1034685,06/08/2019:MML-3632,Woodland Heights,9.19,4.99,4.99,183.86
2019-08-06,6125,29,1034683,06/08/2019:MML-3632,Woodland Heights,8.08,3.92,3.92,161.73
2019-08-06,3001,29,1034682,06/08/2019:MML-3632,Woodland Heights,12.2,16.32,16.32,244.07
2019-08-07,22247,29,1035298,07/08/2019:MML-3632,Woodland Heights,0.65,1.31,3.0,12.98
2019-08-07,31875,29,1035288,07/08/2019:MML-3632,Woodland Heights,0.65,1.31,3.0,12.98
2019-08-07,41756,29,1035295,07/08/2019:MML-3632,Woodland Heights,1.3,2.63,3.0,25.96
2019-08-07,25446,29,1035292,07/08/2019:MML-3632,Woodland Heights,6.94,9.48,12.0,138.87
2019-08-07,31875,29,1035289,07/08/2019:MML-3632,Woodland Heights,39.51,20.08,21.0,789.93
2019-08-07,2131,29,1035290,07/08/2019:MML-3632,Woodland Heights,5.33,13.08,27.0,106.46
2019-08-07,43261,29,1035294,07/08/2019:MML-3632,Woodland Heights,11.41,10.74,30.0,228.23
2019-08-07,41756,29,1035296,07/08/2019:MML-3632,Woodland Heights,24.96,18.66,18.66,499.28
2019-08-07,37142,29,1035287,07/08/2019:MML-3632,Woodland Heights,4.12,5.06,5.06,82.34
2019-08-07,22247,29,1035297,07/08/2019:MML-3632,Woodland Heights,25.52,14.55,14.55,510.35
2019-08-07,154,29,1035293,07/08/2019:MML-3632,Woodland Heights,9.41,5.45,5.45,188.21
2019-08-07,39993,29,1035291,07/08/2019:MML-3632,Woodland Heights,9.02,6.76,6.76,180.35
2019-08-09,22247,29,1036328,09/08/2019:MML-3632,Woodland Heights,70.1,271.21,271.21,1782.03
2019-08-12,42361,29,1037600,12/08/2019:MML-3632,Woodland Heights,0.65,1.31,3.0,12.98
2019-08-12,42361,29,1037601,12/08/2019:MML-3632,Woodland Heights,11.08,8.55,9.0,221.52
2019-08-12,7046,29,1037604,12/08/2019:MML-3632,Woodland Heights,10.02,34.41,63.0,200.34
2019-08-12,41612,29,1037217,12/08/2019:MML-3632,Woodland Heights,47.78,37.32,231.0,955.64
2019-08-12,7046,29,1037603,12/08/2019:MML-3632,Woodland Heights,5.24,2.77,2.77,104.89
2019-08-12,12891,29,1037599,12/08/2019:MML-3632,Woodland Heights,5.27,6.4,6.4,105.28
2019-08-13,9390,29,1038414,13/08/2019:MML-3632,Woodland Heights,0.65,1.31,3.0,12.98
2019-08-13,9390,29,1038415,13/08/2019:MML-3632,Woodland Heights,11.65,8.82,9.0,233.01
2019-08-13,43143,29,1038409,13/08/2019:MML-3632,Woodland Heights,5.71,8.64,9.0,114.13
2019-08-13,39709,29,1038417,13/08/2019:MML-3632,Woodland Heights,15.14,10.6,21.0,302.78
2019-08-13,41665,29,1038416,13/08/2019:MML-3632,Woodland Heights,13.25,19.66,27.0,264.93
2019-08-13,7046,29,1038410,13/08/2019:MML-3632,Woodland Heights,5.78,19.12,33.0,115.55
2019-08-13,7046,29,1038411,13/08/2019:MML-3632,Woodland Heights,65.19,191.2,342.0,1303.8
2019-08-13,36895,29,1038407,13/08/2019:MML-3632,Woodland Heights,18.0,8.46,8.46,359.9
2019-08-13,242,29,1038406,13/08/2019:MML-3632,Woodland Heights,5.8,4.2,4.2,115.91
2019-08-13,33389,29,1038418,13/08/2019:MML-3632,Woodland Heights,11.49,18.86,18.86,229.75
2019-08-13,35508,29,1038413,13/08/2019:MML-3632,Woodland Heights,23.18,18.21,18.21,463.56
2019-08-13,37392,29,1038408,13/08/2019:MML-3632,Woodland Heights,15.12,41.83,75.0,302.41
2019-08-13,35508,29,1038412,13/08/2019:MML-3632,Woodland Heights,0.41,0.53,0.53,8.16
2019-08-13,14075,29,1038421,13/08/2019:MML-3632,Woodland Heights,159.36,611.84,1098.0,3187.2
2019-08-13,242,29,1038405,13/08/2019:MML-3632,Woodland Heights,0.41,0.53,0.53,8.16
2019-08-13,42996,29,1038422,13/08/2019:MML-3632,Woodland Heights,79.67,305.92,549.0,1593.6
2019-08-14,3159,29,1039151,14/08/2019:MML-3632,Woodland Heights,5.22,1.64,3.0,104.34
2019-08-14,16517,29,1039152,14/08/2019:MML-3632,Woodland Heights,13.12,2.97,3.0,262.32
2019-08-14,7330,29,1039157,14/08/2019:MML-3632,Woodland Heights,0.65,1.31,3.0,12.98
2019-08-14,6645,29,1039148,14/08/2019:MML-3632,Woodland Heights,14.94,5.03,6.0,298.84
2019-08-14,4356,29,1039155,14/08/2019:MML-3632,Woodland Heights,17.0,7.63,9.0,340.06
2019-08-14,8427,29,1039164,14/08/2019:MML-3632,Woodland Heights,29.77,8.61,9.0,595.42
2019-08-14,7330,29,1039156,14/08/2019:MML-3632,Woodland Heights,13.76,11.79,12.0,275.25
2019-08-14,4752,29,1039163,14/08/2019:MML-3632,Woodland Heights,19.14,24.19,27.0,382.8
2019-08-14,41948,29,1039149,14/08/2019:MML-3632,Woodland Heights,1.33,0.94,0.94,26.65
2019-08-14,21857,29,1039146,14/08/2019:MML-3632,Woodland Heights,10.36,10.68,10.68,207.19
2019-08-14,4355,29,1039145,14/08/2019:MML-3632,Woodland Heights,17.34,20.65,20.65,346.76
2019-08-14,6645,29,1039147,14/08/2019:MML-3632,Woodland Heights,0.92,0.41,0.41,18.49
2019-08-14,41948,29,1039150,14/08/2019:MML-3632,Woodland Heights,16.88,6.63,6.63,337.58
2019-08-14,31930,29,1039158,14/08/2019:MML-3632,Woodland Heights,0.41,0.53,0.53,8.16
2019-08-14,31930,29,1039159,14/08/2019:MML-3632,Woodland Heights,15.8,4.83,4.83,315.99
2019-08-14,14075,29,1039162,14/08/2019:MML-3632,Woodland Heights,126.53,100.83,270.0,2530.6
2019-08-14,42990,29,1039161,14/08/2019:MML-3632,Woodland Heights,9.2,5.89,5.89,184.19
2019-08-14,24586,29,1039143,14/08/2019:MML-3632,Woodland Heights,19.11,16.35,42.0,382.11
2019-08-14,27270,29,1039154,14/08/2019:MML-3632,Woodland Heights,10.33,6.86,6.86,206.54
2019-08-14,41756,29,1039160,14/08/2019:MML-3632,Woodland Heights,19.6,24.15,39.0,391.97
2019-08-14,27270,29,1039153,14/08/2019:MML-3632,Woodland Heights,1.13,0.58,0.58,22.62
2019-08-14,4355,29,1039144,14/08/2019:MML-3632,Woodland Heights,0.41,0.53,0.53,8.16
2019-08-15,14075,29,1040109,15/08/2019:MML-3632,Woodland Heights,88.89,218.76,218.76,1777.7
2019-08-15,42996,29,1040110,15/08/2019:MML-3632,Woodland Heights,173.83,287.92,287.92,3476.66
2019-08-19,43041,29,1041615,19/08/2019:MML-3632,Woodland Heights,56.81,13.45,18.0,1136.16
2019-08-19,4904,29,1041617,19/08/2019:MML-3632,Woodland Heights,59.31,99.79,180.0,1186.24
2019-08-19,36844,29,1041616,19/08/2019:MML-3632,Woodland Heights,7.27,4.36,4.36,145.41
2019-08-20,10780,29,1042399,20/08/2019:MML-3632,Woodland Heights,0.65,1.31,3.0,12.98
2019-08-20,42990,29,1042389,20/08/2019:MML-3632,Woodland Heights,9.04,5.63,9.0,180.8
2019-08-20,23104,29,1042395,20/08/2019:MML-3632,Woodland Heights,1.55,1.13,9.0,31.22
2019-08-20,7046,29,1042393,20/08/2019:MML-3632,Woodland Heights,5.33,4.63,15.0,106.37
2019-08-20,33881,29,1042391,20/08/2019:MML-3632,Woodland Heights,10.2,8.33,30.0,203.93
2019-08-20,23104,29,1042396,20/08/2019:MML-3632,Woodland Heights,9.37,14.49,14.49,187.33
2019-08-20,7046,29,1042394,20/08/2019:MML-3632,Woodland Heights,46.14,42.09,57.0,923.08
2019-08-20,7046,29,1042392,20/08/2019:MML-3632,Woodland Heights,0.41,0.53,0.53,8.16
2019-08-20,8649,29,1042397,20/08/2019:MML-3632,Woodland Heights,19.18,27.17,57.0,383.63
2019-08-20,10780,29,1042398,20/08/2019:MML-3632,Woodland Heights,20.9,9.41,9.41,417.91
2019-08-20,6125,29,1042390,20/08/2019:MML-3632,Woodland Heights,11.46,6.34,6.34,229.15
2019-08-21,43272,29,1043242,21/08/2019:MML-3632,Woodland Heights,6.89,2.01,3.0,137.89
2019-08-21,25446,29,1043245,21/08/2019:MML-3632,Woodland Heights,7.57,5.56,9.0,151.42
2019-08-21,22247,29,1043246,21/08/2019:MML-3632,Woodland Heights,0.41,0.53,0.53,8.16
2019-08-21,22247,29,1043247,21/08/2019:MML-3632,Woodland Heights,0.39,0.08,0.08,7.85
2019-08-21,22247,29,1043248,21/08/2019:MML-3632,Woodland Heights,76.29,104.72,177.0,1525.81
2019-08-21,10308,29,1043250,21/08/2019:MML-3632,Woodland Heights,12.02,32.12,54.0,240.58
2019-08-21,41756,29,1043249,21/08/2019:MML-3632,Woodland Heights,24.2,61.29,105.0,484.26
2019-08-21,39993,29,1043240,21/08/2019:MML-3632,Woodland Heights,10.61,4.98,4.98,212.29
2019-08-21,43272,29,1043241,21/08/2019:MML-3632,Woodland Heights,0.92,0.41,0.41,18.49
2019-08-21,38550,29,1043243,21/08/2019:MML-3632,Woodland Heights,12.33,7.12,7.12,246.37
2019-08-21,25446,29,1043244,21/08/2019:MML-3632,Woodland Heights,0.92,0.41,0.41,18.49
2019-08-21,7330,29,1043365,21/08/2019:MML-3632,Woodland Heights,12.31,29.28,29.28,205.24
2019-08-21,154,29,1043364,21/08/2019:MML-3632,Woodland Heights,10.63,24.6,24.6,177.16
2019-08-21,31875,29,1043366,21/08/2019:MML-3632,Woodland Heights,20.39,43.04,43.04,339.81
2019-08-22,39781,29,1043935,22/08/2019:MML-3632,Woodland Heights,6.45,9.49,15.0,128.79
2019-08-22,31875,29,1043937,22/08/2019:MML-3632,Woodland Heights,13.02,8.5,15.0,260.44
2019-08-22,31875,29,1043936,22/08/2019:MML-3632,Woodland Heights,0.41,0.53,0.53,8.16
2019-08-22,42403,29,1043938,22/08/2019:MML-3632,Woodland Heights,5.67,3.37,3.37,113.35
2019-08-22,4752,29,1044116,22/08/2019:MML-3632,Woodland Heights,60.98,198.08,198.08,1016.2
2019-08-22,8649,29,1044117,22/08/2019:MML-3632,Woodland Heights,10.55,24.58,24.58,175.8
2019-08-22,18172,29,1044121,22/08/2019:MML-3632,Woodland Heights,19.12,61.62,61.62,318.7
2019-08-22,13722,29,1044122,22/08/2019:MML-3632,Woodland Heights,28.78,40.61,40.61,479.68
2019-08-22,31930,29,1044120,22/08/2019:MML-3632,Woodland Heights,39.4,119.95,119.95,656.7
2019-08-22,7046,29,1044119,22/08/2019:MML-3632,Woodland Heights,68.73,222.81,222.81,1145.63
2019-08-23,4904,29,1044829,23/08/2019:MML-3632,Woodland Heights,72.14,242.82,242.82,1202.4
2019-08-23,39933,29,1044831,23/08/2019:MML-3632,Woodland Heights,50.66,134.97,134.97,844.4
2019-08-23,10166,29,1044830,23/08/2019:MML-3632,Woodland Heights,9.11,23.96,23.96,151.88
2019-08-27,12891,29,1046105,27/08/2019:MML-3632,Woodland Heights,23.51,6.31,9.0,470.01
2019-08-27,35508,29,1046103,27/08/2019:MML-3632,Woodland Heights,26.65,10.77,21.0,532.97
2019-08-27,12126,29,1046098,27/08/2019:MML-3632,Woodland Heights,13.16,11.91,21.0,263.25
2019-08-27,7046,29,1046113,27/08/2019:MML-3632,Woodland Heights,3.47,11.47,21.0,69.33
2019-08-27,9390,29,1046107,27/08/2019:MML-3632,Woodland Heights,7.16,7.07,30.0,143.15
2019-08-27,43143,29,1046104,27/08/2019:MML-3632,Woodland Heights,11.59,16.84,30.0,231.79
2019-08-27,36895,29,1046109,27/08/2019:MML-3632,Woodland Heights,15.72,19.07,33.0,314.41
2019-08-27,7046,29,1046115,27/08/2019:MML-3632,Woodland Heights,1040.47,821.87,821.87,20809.45
2019-08-27,12891,29,1046106,27/08/2019:MML-3632,Woodland Heights,1.41,0.73,0.73,28.24
2019-08-27,36895,29,1046108,27/08/2019:MML-3632,Woodland Heights,1.33,0.94,0.94,26.65
2019-08-27,24586,29,1046097,27/08/2019:MML-3632,Woodland Heights,16.17,45.37,54.0,323.42
2019-08-27,12126,29,1046099,27/08/2019:MML-3632,Woodland Heights,0.94,0.06,0.06,18.72
2019-08-27,7046,29,1046114,27/08/2019:MML-3632,Woodland Heights,60.88,191.2,342.0,1217.6
2019-08-27,33389,29,1046110,27/08/2019:MML-3632,Woodland Heights,0.92,0.41,0.41,18.49
2019-08-27,33389,29,1046111,27/08/2019:MML-3632,Woodland Heights,29.86,27.83,27.83,597.15
2019-08-27,39709,29,1046101,27/08/2019:MML-3632,Woodland Heights,19.57,21.07,39.0,391.39
2019-08-27,39709,29,1046100,27/08/2019:MML-3632,Woodland Heights,0.92,0.41,0.41,18.49
2019-08-27,41665,29,1046102,27/08/2019:MML-3632,Woodland Heights,15.93,30.83,48.0,318.6
2019-08-28,6645,29,1047047,28/08/2019:MML-3632,Woodland Heights,7.33,2.97,3.0,146.42
2019-08-28,25446,29,1047038,28/08/2019:MML-3632,Woodland Heights,5.01,4.46,6.0,100.28
2019-08-28,4752,29,1047056,28/08/2019:MML-3632,Woodland Heights,4.02,5.24,6.0,80.32
2019-08-28,31875,29,1047035,28/08/2019:MML-3632,Woodland Heights,8.23,2.77,6.0,164.5
2019-08-28,8427,29,1047057,28/08/2019:MML-3632,Woodland Heights,24.86,11.3,15.0,497.29
2019-08-28,16619,29,1047053,28/08/2019:MML-3632,Woodland Heights,18.88,8.27,12.0,377.65
2019-08-28,21857,29,1047051,28/08/2019:MML-3632,Woodland Heights,15.3,11.23,18.0,306.02
2019-08-28,24063,29,1047037,28/08/2019:MML-3632,Woodland Heights,2.71,6.7,21.0,54.27
2019-08-28,31875,29,1047036,28/08/2019:MML-3632,Woodland Heights,49.35,16.62,27.0,987.0
2019-08-28,7330,29,1047040,28/08/2019:MML-3632,Woodland Heights,32.69,31.25,33.0,653.89
2019-08-28,4356,29,1047044,28/08/2019:MML-3632,Woodland Heights,14.2,8.17,8.17,284.08
2019-08-28,41612,29,1046356,28/08/2019:MML-3632,Woodland Heights,44.39,37.28,222.0,887.73
2019-08-28,6645,29,1047048,28/08/2019:MML-3632,Woodland Heights,0.16,0.07,0.07,3.28
2019-08-28,16517,29,1047046,28/08/2019:MML-3632,Woodland Heights,17.17,7.8,7.8,343.46
2019-08-28,41948,29,1047049,28/08/2019:MML-3632,Woodland Heights,0.16,0.07,0.07,3.28
2019-08-28,7330,29,1047039,28/08/2019:MML-3632,Woodland Heights,0.29,0.05,0.05,5.74
2019-08-28,16619,29,1047052,28/08/2019:MML-3632,Woodland Heights,0.16,0.07,0.07,3.28
2019-08-28,4356,29,1047043,28/08/2019:MML-3632,Woodland Heights,0.92,0.41,0.41,18.49
2019-08-28,16517,29,1047045,28/08/2019:MML-3632,Woodland Heights,0.16,0.07,0.07,3.28
2019-08-28,242,29,1047041,28/08/2019:MML-3632,Woodland Heights,0.92,0.41,0.41,18.49
2019-08-28,242,29,1047042,28/08/2019:MML-3632,Woodland Heights,10.41,3.96,3.96,208.12
2019-08-28,4355,29,1047054,28/08/2019:MML-3632,Woodland Heights,0.92,0.41,0.41,18.49
2019-08-28,4355,29,1047055,28/08/2019:MML-3632,Woodland Heights,16.81,8.62,8.62,336.14
2019-08-28,41948,29,1047050,28/08/2019:MML-3632,Woodland Heights,11.18,8.13,8.13,223.6
2019-08-29,31930,29,1048114,29/08/2019:MML-3632,Woodland Heights,1.06,1.84,3.0,21.14
2019-08-29,31930,29,1048115,29/08/2019:MML-3632,Woodland Heights,45.04,33.79,33.79,900.84
2019-08-29,42996,29,1047977,29/08/2019:MML-3632,Woodland Heights,5.9,4.6,4.6,117.92
2019-08-29,37392,29,1047982,29/08/2019:MML-3632,Woodland Heights,68.3,188.94,342.0,1366.0
2019-08-29,42996,29,1047978,29/08/2019:MML-3632,Woodland Heights,126.3,118.2,360.0,2525.96
2019-08-29,14075,29,1047983,29/08/2019:MML-3632,Woodland Heights,199.14,177.35,429.0,3982.88
2019-08-29,33389,29,1048120,29/08/2019:MML-3632,Woodland Heights,38.98,45.11,45.11,649.62
2019-08-29,31930,29,1048129,29/08/2019:MML-3632,Woodland Heights,161.45,407.23,407.23,2690.64
2019-08-30,43041,34,1048947,30/08/2019:MHN-5439,Woodland Heights,14.4,3.8,6.0,288.0
2019-08-30,14075,34,1048949,30/08/2019:MHN-5439,Woodland Heights,268.55,849.89,1500.0,5371.14
2019-08-30,14075,34,1048948,30/08/2019:MHN-5439,Woodland Heights,61.54,44.36,294.0,1230.72
2019-08-30,42996,34,1048951,30/08/2019:MHN-5439,Woodland Heights,256.83,560.0,906.0,5136.52
2019-08-30,14075,34,1048950,30/08/2019:MHN-5439,Woodland Heights,147.54,110.9,738.0,2950.8
2019-08-31,4904,19,1049632,31/08/2019:MDB-1602,Woodland Heights,151.04,133.51,288.0,3020.87
2019-08-31,39709,19,1049964,31/08/2019:MDB-1602,Woodland Heights,59.92,52.93,52.93,3315.31
